Country,Horizon,Return,Asset Class
Andorra,YTD,-6.675483826,Equity
United Arab Emirates,YTD,4.23365052,Equity
Afghanistan,YTD,0.221276216,Equity
Antigua and Barbuda,YTD,6.476059194,Equity
Anguilla,YTD,7.055019811,Equity
Albania,YTD,-7.549656497,Equity
Armenia,YTD,3.754989499,Equity
Angola,YTD,0.8778741951,Equity
Antarctica,YTD,-7.039440137,Equity
Argentina,YTD,8.717510547,Equity
American Samoa,YTD,-7.241538034,Equity
Austria,YTD,3.92893089,Equity
Australia,YTD,-7.328269943,Equity
Aruba,YTD,8.199034885,Equity
Åland Islands,YTD,-6.970077925,Equity
Azerbaijan,YTD,0.1929286427,Equity
Bosnia and Herzegovina,YTD,8.687369172,Equity
Barbados,YTD,-8.764867318,Equity
Bangladesh,YTD,-14.29944564,Equity
Belgium,YTD,8.40316886,Equity
Burkina Faso,YTD,-7.13260596,Equity
Bulgaria,YTD,20.68198345,Equity
Bahrain,YTD,12.66182894,Equity
Burundi,YTD,-7.182734647,Equity
Benin,YTD,-19.33873629,Equity
Saint Barthélemy,YTD,1.749910648,Equity
Bermuda,YTD,-1.81323034,Equity
Brunei Darussalam,YTD,-9.135447118,Equity
Bolivia,YTD,18.04832469,Equity
Caribbean Netherlands,YTD,-3.430528367,Equity
Brazil,YTD,-10.34194452,Equity
Bahamas,YTD,-13.41532997,Equity
Bhutan,YTD,7.714391894,Equity
Bouvet Island,YTD,-2.690925006,Equity
Botswana,YTD,4.017688841,Equity
Belarus,YTD,23.5126714,Equity
Belize,YTD,15.97168775,Equity
Canada,YTD,18.41864464,Equity
Cocos (Keeling) Islands,YTD,-6.162859833,Equity
"Congo, Democratic Republic of",YTD,-2.961320718,Equity
Central African Republic,YTD,-8.177025648,Equity
Congo,YTD,11.90132222,Equity
Switzerland,YTD,17.91384303,Equity
Côte d'Ivoire,YTD,14.04235024,Equity
Cook Islands,YTD,-1.266992697,Equity
Chile,YTD,-5.243834746,Equity
Cameroon,YTD,-18.97993132,Equity
China,YTD,13.03523425,Equity
Colombia,YTD,1.725001049,Equity
Costa Rica,YTD,-1.347521054,Equity
Cuba,YTD,12.48716417,Equity
Cape Verde,YTD,-9.16910953,Equity
Curaçao,YTD,-10.97633525,Equity
Christmas Island,YTD,1.797534505,Equity
Cyprus,YTD,-20.38041514,Equity
Czech Republic,YTD,-6.959369434,Equity
Germany,YTD,7.665213716,Equity
Djibouti,YTD,-12.6915315,Equity
Denmark,YTD,8.268120742,Equity
Dominica,YTD,-0.4417005622,Equity
Dominican Republic,YTD,-4.187551114,Equity
Algeria,YTD,8.36062651,Equity
Ecuador,YTD,13.4955347,Equity
Estonia,YTD,-5.448766582,Equity
Egypt,YTD,-12.5530411,Equity
Western Sahara,YTD,8.518043321,Equity
Eritrea,YTD,8.624764122,Equity
Spain,YTD,-1.349667147,Equity
Ethiopia,YTD,3.001064516,Equity
Finland,YTD,11.908657,Equity
Fiji,YTD,-3.640647505,Equity
Falkland Islands,YTD,-0.2641226227,Equity
"Micronesia, Federated States of",YTD,8.377132508,Equity
Faroe Islands,YTD,9.53018749,Equity
France,YTD,-9.244599046,Equity
Gabon,YTD,-10.50156146,Equity
United Kingdom,YTD,-0.677824152,Equity
Grenada,YTD,14.66269506,Equity
Georgia,YTD,0.3458537012,Equity
French Guiana,YTD,4.255062078,Equity
Guernsey,YTD,3.918030811,Equity
Ghana,YTD,4.293019833,Equity
Gibraltar,YTD,-21.75588353,Equity
Greenland,YTD,8.019448465,Equity
Gambia,YTD,-5.03160051,Equity
Guinea,YTD,-4.284548069,Equity
Guadeloupe,YTD,-4.704944609,Equity
Equatorial Guinea,YTD,2.430261292,Equity
Greece,YTD,6.342058788,Equity
South Georgia and the South Sandwich Islands,YTD,-23.54574916,Equity
Guatemala,YTD,6.044992146,Equity
Guam,YTD,5.859347707,Equity
Guinea-Bissau,YTD,-15.15561497,Equity
Guyana,YTD,-1.22825496,Equity
Hong Kong,YTD,-21.7482126,Equity
Heard and McDonald Islands,YTD,2.625866063,Equity
Honduras,YTD,9.641088468,Equity
Croatia,YTD,9.568050624,Equity
Haiti,YTD,7.644295244,Equity
Hungary,YTD,-6.203675759,Equity
Indonesia,YTD,-10.77673676,Equity
Ireland,YTD,9.879670676,Equity
Israel,YTD,1.905359128,Equity
Isle of Man,YTD,8.220998972,Equity
India,YTD,-5.394357789,Equity
British Indian Ocean Territory,YTD,3.748853255,Equity
Iraq,YTD,0.8514462486,Equity
Iran,YTD,-13.11031355,Equity
Iceland,YTD,-1.084130596,Equity
Italy,YTD,-2.546926226,Equity
Jersey,YTD,28.91211108,Equity
Jamaica,YTD,8.387909478,Equity
Jordan,YTD,-3.334898337,Equity
Japan,YTD,-2.4147931,Equity
Kenya,YTD,-5.431589656,Equity
Kyrgyzstan,YTD,-13.25281245,Equity
Cambodia,YTD,9.44669409,Equity
Kiribati,YTD,15.37041409,Equity
Comoros,YTD,3.6065083,Equity
Saint Kitts and Nevis,YTD,-12.86692573,Equity
North Korea,YTD,-8.296841918,Equity
South Korea,YTD,4.02781969,Equity
Kuwait,YTD,8.321915798,Equity
Cayman Islands,YTD,21.6523103,Equity
Kazakhstan,YTD,24.9174103,Equity
Lao People's Democratic Republic,YTD,13.77704203,Equity
Lebanon,YTD,-16.12043776,Equity
Saint Lucia,YTD,-5.456913085,Equity
Liechtenstein,YTD,-15.53304412,Equity
Sri Lanka,YTD,13.48988155,Equity
Liberia,YTD,8.361832836,Equity
Lesotho,YTD,-10.35109409,Equity
Lithuania,YTD,17.03605787,Equity
Luxembourg,YTD,-1.217988258,Equity
Latvia,YTD,22.89456233,Equity
Libya,YTD,12.6847597,Equity
Morocco,YTD,-0.2250339611,Equity
Monaco,YTD,-3.971639504,Equity
Moldova,YTD,0.06184623379,Equity
Montenegro,YTD,-3.33621382,Equity
Saint-Martin (France),YTD,-0.3706149335,Equity
Madagascar,YTD,9.912506428,Equity
Marshall Islands,YTD,0.9787000583,Equity
Macedonia,YTD,0.9456269276,Equity
Mali,YTD,-0.8352988875,Equity
Myanmar,YTD,-6.135568791,Equity
Mongolia,YTD,16.06768378,Equity
Macau,YTD,-0.6763011354,Equity
Northern Mariana Islands,YTD,15.58437267,Equity
Martinique,YTD,-11.32693808,Equity
Mauritania,YTD,2.132961591,Equity
Montserrat,YTD,2.773665625,Equity
Malta,YTD,5.947170672,Equity
Mauritius,YTD,-21.57352348,Equity
Maldives,YTD,3.305365253,Equity
Malawi,YTD,-11.92165516,Equity
Mexico,YTD,7.353453568,Equity
Malaysia,YTD,1.206773513,Equity
Mozambique,YTD,-28.00316182,Equity
Namibia,YTD,7.69373335,Equity
New Caledonia,YTD,9.545760275,Equity
Niger,YTD,-10.22102563,Equity
Norfolk Island,YTD,19.03140765,Equity
Nigeria,YTD,-10.40303168,Equity
Nicaragua,YTD,-4.588829203,Equity
The Netherlands,YTD,8.623203102,Equity
Norway,YTD,-4.637050861,Equity
Nepal,YTD,13.27727429,Equity
Nauru,YTD,5.820810043,Equity
Niue,YTD,-8.40120679,Equity
New Zealand,YTD,-2.556915015,Equity
Oman,YTD,-5.16160626,Equity
Panama,YTD,11.23000634,Equity
Peru,YTD,1.42516418,Equity
French Polynesia,YTD,7.198145037,Equity
Papua New Guinea,YTD,-6.818560795,Equity
Philippines,YTD,5.474093455,Equity
Pakistan,YTD,-7.442520845,Equity
Poland,YTD,-10.66580534,Equity
St. Pierre and Miquelon,YTD,-9.352228103,Equity
Pitcairn,YTD,13.90790284,Equity
Puerto Rico,YTD,1.696110581,Equity
"Palestine, State of",YTD,11.42898606,Equity
Portugal,YTD,-22.26727847,Equity
Palau,YTD,-7.284134888,Equity
Paraguay,YTD,-18.47147029,Equity
Qatar,YTD,-16.20139373,Equity
Réunion,YTD,5.905499187,Equity
Romania,YTD,-6.582113954,Equity
Serbia,YTD,-3.429296952,Equity
Russian Federation,YTD,-10.02230307,Equity
Rwanda,YTD,4.410198761,Equity
Saudi Arabia,YTD,9.711690567,Equity
Solomon Islands,YTD,7.408457962,Equity
Seychelles,YTD,26.97794492,Equity
Sudan,YTD,6.676657426,Equity
Sweden,YTD,-5.116618128,Equity
Singapore,YTD,-2.249254688,Equity
Saint Helena,YTD,-1.174007127,Equity
Slovenia,YTD,1.159450457,Equity
Svalbard and Jan Mayen Islands,YTD,-11.99003986,Equity
Slovakia,YTD,-7.232652063,Equity
Sierra Leone,YTD,4.331883935,Equity
San Marino,YTD,-13.41902423,Equity
Senegal,YTD,5.103904289,Equity
Somalia,YTD,-15.00091115,Equity
Suriname,YTD,15.16017865,Equity
South Sudan,YTD,2.500166956,Equity
Sao Tome and Principe,YTD,5.302089528,Equity
El Salvador,YTD,-9.882548199,Equity
Sint Maarten (Dutch part),YTD,10.62113664,Equity
Syria,YTD,0.03807137758,Equity
Swaziland,YTD,-9.534081668,Equity
Turks and Caicos Islands,YTD,13.78792284,Equity
Chad,YTD,21.13495088,Equity
French Southern Territories,YTD,-1.15181829,Equity
Togo,YTD,-1.397316661,Equity
Thailand,YTD,-6.891077004,Equity
Tajikistan,YTD,0.2082900641,Equity
Tokelau,YTD,-1.736122509,Equity
Timor-Leste,YTD,-8.079289535,Equity
Turkmenistan,YTD,-8.42946397,Equity
Tunisia,YTD,-4.52082823,Equity
Tonga,YTD,-16.26852871,Equity
Turkey,YTD,-3.363145098,Equity
Trinidad and Tobago,YTD,7.154477885,Equity
Tuvalu,YTD,-10.82821333,Equity
Taiwan,YTD,-9.104416698,Equity
Tanzania,YTD,30.13636443,Equity
Ukraine,YTD,-2.123317917,Equity
Uganda,YTD,-9.427628611,Equity
United States Minor Outlying Islands,YTD,-0.03725297851,Equity
United States,YTD,-11.23329617,Equity
Uruguay,YTD,18.53014652,Equity
Uzbekistan,YTD,-2.230483985,Equity
Vatican,YTD,-9.554360453,Equity
Saint Vincent and the Grenadines,YTD,3.096379802,Equity
Venezuela,YTD,-3.444685043,Equity
Virgin Islands (British),YTD,-6.399681075,Equity
Virgin Islands (U.S.),YTD,20.02323426,Equity
Vietnam,YTD,21.03970137,Equity
Vanuatu,YTD,4.408628977,Equity
Wallis and Futuna Islands,YTD,16.46563428,Equity
Samoa,YTD,-6.374102759,Equity
Yemen,YTD,2.704734545,Equity
Mayotte,YTD,-9.338933441,Equity
South Africa,YTD,-21.86044941,Equity
Zambia,YTD,8.833434828,Equity
Zimbabwe,YTD,-0.1993076839,Equity
Andorra,MTD,3.944032155,Equity
United Arab Emirates,MTD,5.48375457,Equity
Afghanistan,MTD,-2.500563932,Equity
Antigua and Barbuda,MTD,-8.252402027,Equity
Anguilla,MTD,-13.32002767,Equity
Albania,MTD,-6.485794049,Equity
Armenia,MTD,-19.19439642,Equity
Angola,MTD,0.8954031545,Equity
Antarctica,MTD,10.2132092,Equity
Argentina,MTD,-1.204605778,Equity
American Samoa,MTD,-24.8614149,Equity
Austria,MTD,-19.14512159,Equity
Australia,MTD,-14.79064293,Equity
Aruba,MTD,-9.23964833,Equity
Åland Islands,MTD,-20.90023012,Equity
Azerbaijan,MTD,-5.119873848,Equity
Bosnia and Herzegovina,MTD,-2.324537533,Equity
Barbados,MTD,-9.234116645,Equity
Bangladesh,MTD,10.84893306,Equity
Belgium,MTD,14.62579405,Equity
Burkina Faso,MTD,-1.187854279,Equity
Bulgaria,MTD,-0.9663510835,Equity
Bahrain,MTD,-10.26625907,Equity
Burundi,MTD,-4.239442001,Equity
Benin,MTD,-11.18459611,Equity
Saint Barthélemy,MTD,0.780530283,Equity
Bermuda,MTD,-0.8419381465,Equity
Brunei Darussalam,MTD,-6.890055889,Equity
Bolivia,MTD,-6.11221358,Equity
Caribbean Netherlands,MTD,9.305454383,Equity
Brazil,MTD,-1.863581913,Equity
Bahamas,MTD,9.25821931,Equity
Bhutan,MTD,9.693211875,Equity
Bouvet Island,MTD,1.039595686,Equity
Botswana,MTD,-13.91669423,Equity
Belarus,MTD,8.461333821,Equity
Belize,MTD,15.91452012,Equity
Canada,MTD,-3.966018403,Equity
Cocos (Keeling) Islands,MTD,0.2342517436,Equity
"Congo, Democratic Republic of",MTD,5.291143544,Equity
Central African Republic,MTD,3.454817456,Equity
Congo,MTD,-7.008031873,Equity
Switzerland,MTD,14.30417252,Equity
Côte d'Ivoire,MTD,-6.080990417,Equity
Cook Islands,MTD,-1.675348105,Equity
Chile,MTD,-4.530243631,Equity
Cameroon,MTD,7.682011173,Equity
China,MTD,-5.926760349,Equity
Colombia,MTD,-5.413426207,Equity
Costa Rica,MTD,22.20991761,Equity
Cuba,MTD,-6.896863061,Equity
Cape Verde,MTD,8.889975948,Equity
Curaçao,MTD,-12.29670817,Equity
Christmas Island,MTD,2.033170891,Equity
Cyprus,MTD,-8.806551574,Equity
Czech Republic,MTD,-2.998474613,Equity
Germany,MTD,-26.75068075,Equity
Djibouti,MTD,0.9571036236,Equity
Denmark,MTD,-6.02858838,Equity
Dominica,MTD,-14.43388604,Equity
Dominican Republic,MTD,12.26100344,Equity
Algeria,MTD,-2.635719198,Equity
Ecuador,MTD,-14.11528288,Equity
Estonia,MTD,-4.201040084,Equity
Egypt,MTD,-4.928185615,Equity
Western Sahara,MTD,-7.356226657,Equity
Eritrea,MTD,-7.700640596,Equity
Spain,MTD,19.04333217,Equity
Ethiopia,MTD,-1.979595236,Equity
Finland,MTD,1.322235286,Equity
Fiji,MTD,-6.491518103,Equity
Falkland Islands,MTD,-8.506517373,Equity
"Micronesia, Federated States of",MTD,-14.71950087,Equity
Faroe Islands,MTD,8.101650368,Equity
France,MTD,10.28500125,Equity
Gabon,MTD,10.51194324,Equity
United Kingdom,MTD,-4.027563244,Equity
Grenada,MTD,-11.08301934,Equity
Georgia,MTD,19.73583388,Equity
French Guiana,MTD,-15.82981309,Equity
Guernsey,MTD,2.279085191,Equity
Ghana,MTD,2.954178713,Equity
Gibraltar,MTD,-5.238233265,Equity
Greenland,MTD,15.57281441,Equity
Gambia,MTD,14.0101453,Equity
Guinea,MTD,-16.43770106,Equity
Guadeloupe,MTD,2.954329263,Equity
Equatorial Guinea,MTD,-2.461929259,Equity
Greece,MTD,-3.009670243,Equity
South Georgia and the South Sandwich Islands,MTD,2.264676628,Equity
Guatemala,MTD,-8.971679242,Equity
Guam,MTD,-9.885263991,Equity
Guinea-Bissau,MTD,1.770874952,Equity
Guyana,MTD,-0.7373156921,Equity
Hong Kong,MTD,-7.758509576,Equity
Heard and McDonald Islands,MTD,7.783245013,Equity
Honduras,MTD,-9.365374907,Equity
Croatia,MTD,6.495864453,Equity
Haiti,MTD,-11.66464,Equity
Hungary,MTD,7.442082876,Equity
Indonesia,MTD,-13.01046105,Equity
Ireland,MTD,2.696792895,Equity
Israel,MTD,-9.430851886,Equity
Isle of Man,MTD,-5.990779454,Equity
India,MTD,-12.65553,Equity
British Indian Ocean Territory,MTD,-4.4581278,Equity
Iraq,MTD,-7.358542567,Equity
Iran,MTD,-3.173471522,Equity
Iceland,MTD,3.107383749,Equity
Italy,MTD,0.8517294639,Equity
Jersey,MTD,4.67604671,Equity
Jamaica,MTD,0.9664201595,Equity
Jordan,MTD,-7.457787535,Equity
Japan,MTD,-11.14289454,Equity
Kenya,MTD,-5.697865796,Equity
Kyrgyzstan,MTD,-7.106409362,Equity
Cambodia,MTD,1.132278033,Equity
Kiribati,MTD,-27.15188348,Equity
Comoros,MTD,9.870029751,Equity
Saint Kitts and Nevis,MTD,-2.019758875,Equity
North Korea,MTD,8.543864702,Equity
South Korea,MTD,-14.2220388,Equity
Kuwait,MTD,-0.157027149,Equity
Cayman Islands,MTD,-21.88570473,Equity
Kazakhstan,MTD,-18.18315389,Equity
Lao People's Democratic Republic,MTD,-2.051339761,Equity
Lebanon,MTD,-1.52785492,Equity
Saint Lucia,MTD,-2.79041084,Equity
Liechtenstein,MTD,16.12861867,Equity
Sri Lanka,MTD,-1.549929541,Equity
Liberia,MTD,-10.11514593,Equity
Lesotho,MTD,-6.298525812,Equity
Lithuania,MTD,10.45390707,Equity
Luxembourg,MTD,-1.601508365,Equity
Latvia,MTD,9.578781679,Equity
Libya,MTD,-5.003702654,Equity
Morocco,MTD,3.096957453,Equity
Monaco,MTD,-6.917037181,Equity
Moldova,MTD,3.330052313,Equity
Montenegro,MTD,-2.427993036,Equity
Saint-Martin (France),MTD,0.9826846209,Equity
Madagascar,MTD,11.20760811,Equity
Marshall Islands,MTD,-1.518506687,Equity
Macedonia,MTD,-6.190697684,Equity
Mali,MTD,-12.80374573,Equity
Myanmar,MTD,4.509774011,Equity
Mongolia,MTD,-3.308034405,Equity
Macau,MTD,16.3193214,Equity
Northern Mariana Islands,MTD,-6.695468436,Equity
Martinique,MTD,9.864257053,Equity
Mauritania,MTD,8.511541384,Equity
Montserrat,MTD,0.6531137023,Equity
Malta,MTD,-5.086107201,Equity
Mauritius,MTD,0.306371546,Equity
Maldives,MTD,20.43678701,Equity
Malawi,MTD,-8.721799628,Equity
Mexico,MTD,7.667822079,Equity
Malaysia,MTD,-3.352919204,Equity
Mozambique,MTD,-8.193891419,Equity
Namibia,MTD,7.536376367,Equity
New Caledonia,MTD,5.280562328,Equity
Niger,MTD,23.33115034,Equity
Norfolk Island,MTD,0.4665312745,Equity
Nigeria,MTD,5.031222554,Equity
Nicaragua,MTD,0.7320230213,Equity
The Netherlands,MTD,10.91765954,Equity
Norway,MTD,-5.873469411,Equity
Nepal,MTD,-6.655914473,Equity
Nauru,MTD,3.485022575,Equity
Niue,MTD,1.716421282,Equity
New Zealand,MTD,0.8468299273,Equity
Oman,MTD,-8.239685766,Equity
Panama,MTD,0.6381110428,Equity
Peru,MTD,-10.55041254,Equity
French Polynesia,MTD,-11.11303246,Equity
Papua New Guinea,MTD,-1.022110208,Equity
Philippines,MTD,-5.1287451,Equity
Pakistan,MTD,-0.4553974371,Equity
Poland,MTD,0.7201013146,Equity
St. Pierre and Miquelon,MTD,14.10368766,Equity
Pitcairn,MTD,4.709273327,Equity
Puerto Rico,MTD,-18.75072625,Equity
"Palestine, State of",MTD,13.67441799,Equity
Portugal,MTD,-0.9453468866,Equity
Palau,MTD,6.064331508,Equity
Paraguay,MTD,-11.8864947,Equity
Qatar,MTD,10.56189804,Equity
Réunion,MTD,-9.838546796,Equity
Romania,MTD,13.25741936,Equity
Serbia,MTD,2.068910426,Equity
Russian Federation,MTD,9.787875601,Equity
Rwanda,MTD,-14.93246963,Equity
Saudi Arabia,MTD,-1.717322314,Equity
Solomon Islands,MTD,0.7700062321,Equity
Seychelles,MTD,-7.096685407,Equity
Sudan,MTD,12.89432591,Equity
Sweden,MTD,9.434754959,Equity
Singapore,MTD,0.8316471688,Equity
Saint Helena,MTD,-14.75661969,Equity
Slovenia,MTD,-4.014490452,Equity
Svalbard and Jan Mayen Islands,MTD,5.442991328,Equity
Slovakia,MTD,4.671424001,Equity
Sierra Leone,MTD,-1.821260068,Equity
San Marino,MTD,6.092664785,Equity
Senegal,MTD,-11.10617968,Equity
Somalia,MTD,0.9227159877,Equity
Suriname,MTD,-14.63520992,Equity
South Sudan,MTD,-6.377942063,Equity
Sao Tome and Principe,MTD,3.414810065,Equity
El Salvador,MTD,-9.031069788,Equity
Sint Maarten (Dutch part),MTD,4.169544551,Equity
Syria,MTD,-9.810492397,Equity
Swaziland,MTD,11.63238635,Equity
Turks and Caicos Islands,MTD,-8.481722782,Equity
Chad,MTD,-8.418178294,Equity
French Southern Territories,MTD,-1.296146816,Equity
Togo,MTD,-6.108401508,Equity
Thailand,MTD,4.510401219,Equity
Tajikistan,MTD,17.57664187,Equity
Tokelau,MTD,-2.066884168,Equity
Timor-Leste,MTD,-7.579032305,Equity
Turkmenistan,MTD,-14.11512328,Equity
Tunisia,MTD,5.911609336,Equity
Tonga,MTD,-4.829017512,Equity
Turkey,MTD,4.379596948,Equity
Trinidad and Tobago,MTD,-15.22895973,Equity
Tuvalu,MTD,-1.549598415,Equity
Taiwan,MTD,-22.72712695,Equity
Tanzania,MTD,-1.174168293,Equity
Ukraine,MTD,-12.06668147,Equity
Uganda,MTD,1.476179375,Equity
United States Minor Outlying Islands,MTD,-16.00759349,Equity
United States,MTD,3.180130322,Equity
Uruguay,MTD,-5.689675825,Equity
Uzbekistan,MTD,-11.72448751,Equity
Vatican,MTD,10.21385418,Equity
Saint Vincent and the Grenadines,MTD,-6.766431249,Equity
Venezuela,MTD,-11.26554458,Equity
Virgin Islands (British),MTD,-3.822460762,Equity
Virgin Islands (U.S.),MTD,-5.939694019,Equity
Vietnam,MTD,-4.570416215,Equity
Vanuatu,MTD,-4.586023899,Equity
Wallis and Futuna Islands,MTD,22.28859654,Equity
Samoa,MTD,3.584299916,Equity
Yemen,MTD,1.52995536,Equity
Mayotte,MTD,-2.163721365,Equity
South Africa,MTD,5.949182932,Equity
Zambia,MTD,-6.397899542,Equity
Zimbabwe,MTD,-5.268869371,Equity
Andorra,2017,2.95792348,Equity
United Arab Emirates,2017,-7.895541748,Equity
Afghanistan,2017,9.560556638,Equity
Antigua and Barbuda,2017,1.623821684,Equity
Anguilla,2017,0.3924728546,Equity
Albania,2017,8.974270192,Equity
Armenia,2017,-12.07623105,Equity
Angola,2017,-3.839222132,Equity
Antarctica,2017,-11.67291448,Equity
Argentina,2017,9.932767724,Equity
American Samoa,2017,-4.07134675,Equity
Austria,2017,0.5248485012,Equity
Australia,2017,5.998303838,Equity
Aruba,2017,-1.605146445,Equity
Åland Islands,2017,-5.298289129,Equity
Azerbaijan,2017,-4.038621444,Equity
Bosnia and Herzegovina,2017,3.361613236,Equity
Barbados,2017,-4.885490353,Equity
Bangladesh,2017,9.712419045,Equity
Belgium,2017,1.396351744,Equity
Burkina Faso,2017,14.76982103,Equity
Bulgaria,2017,-1.117634554,Equity
Bahrain,2017,-4.630638162,Equity
Burundi,2017,-17.16483111,Equity
Benin,2017,-10.48701572,Equity
Saint Barthélemy,2017,4.4613212,Equity
Bermuda,2017,-4.727689966,Equity
Brunei Darussalam,2017,3.875300813,Equity
Bolivia,2017,7.406495536,Equity
Caribbean Netherlands,2017,-6.641455932,Equity
Brazil,2017,1.604159877,Equity
Bahamas,2017,-2.541930913,Equity
Bhutan,2017,-3.177771578,Equity
Bouvet Island,2017,-5.055836697,Equity
Botswana,2017,-6.312187231,Equity
Belarus,2017,-2.929848004,Equity
Belize,2017,-5.000443458,Equity
Canada,2017,-3.979809712,Equity
Cocos (Keeling) Islands,2017,0.2103568861,Equity
"Congo, Democratic Republic of",2017,15.24720549,Equity
Central African Republic,2017,4.411229332,Equity
Congo,2017,0.6394819937,Equity
Switzerland,2017,2.089579385,Equity
Côte d'Ivoire,2017,-8.401489753,Equity
Cook Islands,2017,3.431221023,Equity
Chile,2017,0.5802136511,Equity
Cameroon,2017,11.86061599,Equity
China,2017,-10.03094038,Equity
Colombia,2017,21.16092331,Equity
Costa Rica,2017,-2.063864292,Equity
Cuba,2017,-12.28716443,Equity
Cape Verde,2017,-6.99923653,Equity
Curaçao,2017,-12.26535204,Equity
Christmas Island,2017,-12.32643377,Equity
Cyprus,2017,-1.212768504,Equity
Czech Republic,2017,-10.95978768,Equity
Germany,2017,3.386591711,Equity
Djibouti,2017,5.753520452,Equity
Denmark,2017,-0.8412906561,Equity
Dominica,2017,-17.20674636,Equity
Dominican Republic,2017,-8.760027296,Equity
Algeria,2017,-9.468906624,Equity
Ecuador,2017,-0.3797336842,Equity
Estonia,2017,4.825069853,Equity
Egypt,2017,19.47761377,Equity
Western Sahara,2017,3.662430411,Equity
Eritrea,2017,-1.63227861,Equity
Spain,2017,2.508242047,Equity
Ethiopia,2017,-22.74749926,Equity
Finland,2017,8.597504587,Equity
Fiji,2017,-11.28948267,Equity
Falkland Islands,2017,7.712941282,Equity
"Micronesia, Federated States of",2017,-6.139827452,Equity
Faroe Islands,2017,16.1858528,Equity
France,2017,-7.789618168,Equity
Gabon,2017,2.992057644,Equity
United Kingdom,2017,-8.873703052,Equity
Grenada,2017,8.724139418,Equity
Georgia,2017,-7.935892994,Equity
French Guiana,2017,-10.88829196,Equity
Guernsey,2017,-4.298382998,Equity
Ghana,2017,3.499850603,Equity
Gibraltar,2017,-7.860301042,Equity
Greenland,2017,18.57254143,Equity
Gambia,2017,0.2741449062,Equity
Guinea,2017,-3.105869496,Equity
Guadeloupe,2017,-7.667134607,Equity
Equatorial Guinea,2017,-11.77014355,Equity
Greece,2017,7.446127519,Equity
South Georgia and the South Sandwich Islands,2017,-13.40564236,Equity
Guatemala,2017,-8.323642863,Equity
Guam,2017,3.331365289,Equity
Guinea-Bissau,2017,-0.1603676422,Equity
Guyana,2017,3.754335306,Equity
Hong Kong,2017,-1.310934382,Equity
Heard and McDonald Islands,2017,-3.818107619,Equity
Honduras,2017,11.411432,Equity
Croatia,2017,1.145447483,Equity
Haiti,2017,-19.87175186,Equity
Hungary,2017,4.278248772,Equity
Indonesia,2017,15.6588132,Equity
Ireland,2017,-9.375608398,Equity
Israel,2017,2.165502523,Equity
Isle of Man,2017,6.557888615,Equity
India,2017,-0.5616924561,Equity
British Indian Ocean Territory,2017,-9.004066738,Equity
Iraq,2017,-8.467211762,Equity
Iran,2017,-26.89577017,Equity
Iceland,2017,-26.23481004,Equity
Italy,2017,6.441078983,Equity
Jersey,2017,-6.67270029,Equity
Jamaica,2017,8.661641832,Equity
Jordan,2017,-2.994349466,Equity
Japan,2017,-6.008389639,Equity
Kenya,2017,-15.67900326,Equity
Kyrgyzstan,2017,-14.33232355,Equity
Cambodia,2017,-2.683979551,Equity
Kiribati,2017,-19.54830537,Equity
Comoros,2017,-8.258724412,Equity
Saint Kitts and Nevis,2017,-2.003768116,Equity
North Korea,2017,-12.60152061,Equity
South Korea,2017,-12.37754502,Equity
Kuwait,2017,-5.49535281,Equity
Cayman Islands,2017,2.072829333,Equity
Kazakhstan,2017,5.482604933,Equity
Lao People's Democratic Republic,2017,-17.40367133,Equity
Lebanon,2017,-6.754143491,Equity
Saint Lucia,2017,-0.4738791335,Equity
Liechtenstein,2017,-15.28617261,Equity
Sri Lanka,2017,5.15976464,Equity
Liberia,2017,-18.64320333,Equity
Lesotho,2017,14.33575848,Equity
Lithuania,2017,-16.07885616,Equity
Luxembourg,2017,-2.582942633,Equity
Latvia,2017,-12.47417452,Equity
Libya,2017,-14.68494791,Equity
Morocco,2017,0.2419393703,Equity
Monaco,2017,-1.230385773,Equity
Moldova,2017,11.03341486,Equity
Montenegro,2017,-13.16757315,Equity
Saint-Martin (France),2017,-2.182091533,Equity
Madagascar,2017,7.225405681,Equity
Marshall Islands,2017,5.668053727,Equity
Macedonia,2017,-14.6418014,Equity
Mali,2017,6.730992791,Equity
Myanmar,2017,-4.874832911,Equity
Mongolia,2017,-2.811763227,Equity
Macau,2017,-16.51390316,Equity
Northern Mariana Islands,2017,-1.465136297,Equity
Martinique,2017,-12.23185414,Equity
Mauritania,2017,6.994406444,Equity
Montserrat,2017,-3.20600627,Equity
Malta,2017,-0.07693665667,Equity
Mauritius,2017,-14.49682437,Equity
Maldives,2017,-8.696590327,Equity
Malawi,2017,10.95522274,Equity
Mexico,2017,3.462566262,Equity
Malaysia,2017,2.076436828,Equity
Mozambique,2017,-2.787756408,Equity
Namibia,2017,-12.7188841,Equity
New Caledonia,2017,-2.220701476,Equity
Niger,2017,9.811676097,Equity
Norfolk Island,2017,-2.690184225,Equity
Nigeria,2017,-9.059289905,Equity
Nicaragua,2017,-14.74618648,Equity
The Netherlands,2017,-12.02170181,Equity
Norway,2017,-1.732067825,Equity
Nepal,2017,-0.02341658749,Equity
Nauru,2017,-10.58399002,Equity
Niue,2017,10.75925021,Equity
New Zealand,2017,-11.72143007,Equity
Oman,2017,7.667812892,Equity
Panama,2017,-10.71473102,Equity
Peru,2017,-11.83453434,Equity
French Polynesia,2017,0.7092205239,Equity
Papua New Guinea,2017,-2.396753597,Equity
Philippines,2017,-1.294279428,Equity
Pakistan,2017,-7.193882906,Equity
Poland,2017,1.076353124,Equity
St. Pierre and Miquelon,2017,-7.427466777,Equity
Pitcairn,2017,-24.41057974,Equity
Puerto Rico,2017,10.13039757,Equity
"Palestine, State of",2017,-17.41855143,Equity
Portugal,2017,-0.8839106697,Equity
Palau,2017,-9.130725318,Equity
Paraguay,2017,-10.03485027,Equity
Qatar,2017,-3.646160638,Equity
Réunion,2017,-22.40598508,Equity
Romania,2017,4.18387675,Equity
Serbia,2017,-5.98748687,Equity
Russian Federation,2017,3.881282285,Equity
Rwanda,2017,-0.2639234637,Equity
Saudi Arabia,2017,-6.480937564,Equity
Solomon Islands,2017,5.45723624,Equity
Seychelles,2017,10.00115824,Equity
Sudan,2017,1.346689917,Equity
Sweden,2017,10.44187904,Equity
Singapore,2017,3.38145681,Equity
Saint Helena,2017,16.94337134,Equity
Slovenia,2017,3.358575929,Equity
Svalbard and Jan Mayen Islands,2017,11.94231072,Equity
Slovakia,2017,-1.958616241,Equity
Sierra Leone,2017,10.52007204,Equity
San Marino,2017,37.95931752,Equity
Senegal,2017,-6.663186315,Equity
Somalia,2017,11.00703971,Equity
Suriname,2017,0.9110963128,Equity
South Sudan,2017,-5.925857805,Equity
Sao Tome and Principe,2017,2.644515983,Equity
El Salvador,2017,-13.08691261,Equity
Sint Maarten (Dutch part),2017,-1.986976195,Equity
Syria,2017,7.449180572,Equity
Swaziland,2017,2.983819776,Equity
Turks and Caicos Islands,2017,4.964767471,Equity
Chad,2017,-5.834117159,Equity
French Southern Territories,2017,9.116078539,Equity
Togo,2017,-19.1361664,Equity
Thailand,2017,0.84007337,Equity
Tajikistan,2017,7.741266021,Equity
Tokelau,2017,-9.750316027,Equity
Timor-Leste,2017,9.346008875,Equity
Turkmenistan,2017,-15.13381002,Equity
Tunisia,2017,14.38665451,Equity
Tonga,2017,6.000220624,Equity
Turkey,2017,-6.546647617,Equity
Trinidad and Tobago,2017,-6.705035943,Equity
Tuvalu,2017,-24.60686384,Equity
Taiwan,2017,1.064006628,Equity
Tanzania,2017,-19.17181222,Equity
Ukraine,2017,-10.04046878,Equity
Uganda,2017,-11.96589082,Equity
United States Minor Outlying Islands,2017,1.371487443,Equity
United States,2017,-3.718666988,Equity
Uruguay,2017,-4.72614753,Equity
Uzbekistan,2017,2.816472594,Equity
Vatican,2017,13.07197001,Equity
Saint Vincent and the Grenadines,2017,-4.296564042,Equity
Venezuela,2017,-8.897909345,Equity
Virgin Islands (British),2017,-1.234567495,Equity
Virgin Islands (U.S.),2017,9.590733206,Equity
Vietnam,2017,-1.922656995,Equity
Vanuatu,2017,9.737683634,Equity
Wallis and Futuna Islands,2017,6.11496679,Equity
Samoa,2017,11.03588014,Equity
Yemen,2017,5.880734705,Equity
Mayotte,2017,5.730593012,Equity
South Africa,2017,-5.650374453,Equity
Zambia,2017,16.40912593,Equity
Zimbabwe,2017,-13.5697152,Equity
Andorra,YTD,0,Bond
United Arab Emirates,YTD,0,Bond
Afghanistan,YTD,0,Bond
Antigua and Barbuda,YTD,0,Bond
Anguilla,YTD,0,Bond
Albania,YTD,0,Bond
Armenia,YTD,0,Bond
Angola,YTD,0,Bond
Antarctica,YTD,0,Bond
Argentina,YTD,0,Bond
American Samoa,YTD,0,Bond
Austria,YTD,0,Bond
Australia,YTD,0,Bond
Aruba,YTD,0,Bond
Åland Islands,YTD,0,Bond
Azerbaijan,YTD,0,Bond
Bosnia and Herzegovina,YTD,0,Bond
Barbados,YTD,0,Bond
Bangladesh,YTD,0,Bond
Belgium,YTD,0,Bond
Burkina Faso,YTD,0,Bond
Bulgaria,YTD,0,Bond
Bahrain,YTD,0,Bond
Burundi,YTD,0,Bond
Benin,YTD,0,Bond
Saint Barthélemy,YTD,0,Bond
Bermuda,YTD,0,Bond
Brunei Darussalam,YTD,0,Bond
Bolivia,YTD,0,Bond
Caribbean Netherlands,YTD,0,Bond
Brazil,YTD,0,Bond
Bahamas,YTD,0,Bond
Bhutan,YTD,0,Bond
Bouvet Island,YTD,0,Bond
Botswana,YTD,0,Bond
Belarus,YTD,0,Bond
Belize,YTD,0,Bond
Canada,YTD,0,Bond
Cocos (Keeling) Islands,YTD,0,Bond
"Congo, Democratic Republic of",YTD,0,Bond
Central African Republic,YTD,0,Bond
Congo,YTD,0,Bond
Switzerland,YTD,0,Bond
Côte d'Ivoire,YTD,0,Bond
Cook Islands,YTD,0,Bond
Chile,YTD,0,Bond
Cameroon,YTD,0,Bond
China,YTD,0,Bond
Colombia,YTD,0,Bond
Costa Rica,YTD,0,Bond
Cuba,YTD,0,Bond
Cape Verde,YTD,0,Bond
Curaçao,YTD,0,Bond
Christmas Island,YTD,0,Bond
Cyprus,YTD,0,Bond
Czech Republic,YTD,0,Bond
Germany,YTD,0,Bond
Djibouti,YTD,0,Bond
Denmark,YTD,0,Bond
Dominica,YTD,0,Bond
Dominican Republic,YTD,0,Bond
Algeria,YTD,0,Bond
Ecuador,YTD,0,Bond
Estonia,YTD,0,Bond
Egypt,YTD,0,Bond
Western Sahara,YTD,0,Bond
Eritrea,YTD,0,Bond
Spain,YTD,0,Bond
Ethiopia,YTD,0,Bond
Finland,YTD,0,Bond
Fiji,YTD,0,Bond
Falkland Islands,YTD,0,Bond
"Micronesia, Federated States of",YTD,0,Bond
Faroe Islands,YTD,0,Bond
France,YTD,0,Bond
Gabon,YTD,0,Bond
United Kingdom,YTD,0,Bond
Grenada,YTD,0,Bond
Georgia,YTD,0,Bond
French Guiana,YTD,0,Bond
Guernsey,YTD,0,Bond
Ghana,YTD,0,Bond
Gibraltar,YTD,0,Bond
Greenland,YTD,0,Bond
Gambia,YTD,0,Bond
Guinea,YTD,0,Bond
Guadeloupe,YTD,0,Bond
Equatorial Guinea,YTD,0,Bond
Greece,YTD,0,Bond
South Georgia and the South Sandwich Islands,YTD,0,Bond
Guatemala,YTD,0,Bond
Guam,YTD,0,Bond
Guinea-Bissau,YTD,0,Bond
Guyana,YTD,0,Bond
Hong Kong,YTD,0,Bond
Heard and McDonald Islands,YTD,0,Bond
Honduras,YTD,0,Bond
Croatia,YTD,0,Bond
Haiti,YTD,0,Bond
Hungary,YTD,0,Bond
Indonesia,YTD,0,Bond
Ireland,YTD,0,Bond
Israel,YTD,0,Bond
Isle of Man,YTD,0,Bond
India,YTD,0,Bond
British Indian Ocean Territory,YTD,0,Bond
Iraq,YTD,0,Bond
Iran,YTD,0,Bond
Iceland,YTD,0,Bond
Italy,YTD,0,Bond
Jersey,YTD,0,Bond
Jamaica,YTD,0,Bond
Jordan,YTD,0,Bond
Japan,YTD,0,Bond
Kenya,YTD,0,Bond
Kyrgyzstan,YTD,0,Bond
Cambodia,YTD,0,Bond
Kiribati,YTD,0,Bond
Comoros,YTD,0,Bond
Saint Kitts and Nevis,YTD,0,Bond
North Korea,YTD,0,Bond
South Korea,YTD,0,Bond
Kuwait,YTD,0,Bond
Cayman Islands,YTD,0,Bond
Kazakhstan,YTD,0,Bond
Lao People's Democratic Republic,YTD,0,Bond
Lebanon,YTD,0,Bond
Saint Lucia,YTD,0,Bond
Liechtenstein,YTD,0,Bond
Sri Lanka,YTD,0,Bond
Liberia,YTD,0,Bond
Lesotho,YTD,0,Bond
Lithuania,YTD,0,Bond
Luxembourg,YTD,0,Bond
Latvia,YTD,0,Bond
Libya,YTD,0,Bond
Morocco,YTD,0,Bond
Monaco,YTD,0,Bond
Moldova,YTD,0,Bond
Montenegro,YTD,0,Bond
Saint-Martin (France),YTD,0,Bond
Madagascar,YTD,0,Bond
Marshall Islands,YTD,0,Bond
Macedonia,YTD,0,Bond
Mali,YTD,0,Bond
Myanmar,YTD,0,Bond
Mongolia,YTD,0,Bond
Macau,YTD,0,Bond
Northern Mariana Islands,YTD,0,Bond
Martinique,YTD,0,Bond
Mauritania,YTD,0,Bond
Montserrat,YTD,0,Bond
Malta,YTD,0,Bond
Mauritius,YTD,0,Bond
Maldives,YTD,0,Bond
Malawi,YTD,0,Bond
Mexico,YTD,0,Bond
Malaysia,YTD,0,Bond
Mozambique,YTD,0,Bond
Namibia,YTD,0,Bond
New Caledonia,YTD,0,Bond
Niger,YTD,0,Bond
Norfolk Island,YTD,0,Bond
Nigeria,YTD,0,Bond
Nicaragua,YTD,0,Bond
The Netherlands,YTD,0,Bond
Norway,YTD,0,Bond
Nepal,YTD,0,Bond
Nauru,YTD,0,Bond
Niue,YTD,0,Bond
New Zealand,YTD,0,Bond
Oman,YTD,0,Bond
Panama,YTD,0,Bond
Peru,YTD,0,Bond
French Polynesia,YTD,0,Bond
Papua New Guinea,YTD,0,Bond
Philippines,YTD,0,Bond
Pakistan,YTD,0,Bond
Poland,YTD,0,Bond
St. Pierre and Miquelon,YTD,0,Bond
Pitcairn,YTD,0,Bond
Puerto Rico,YTD,0,Bond
"Palestine, State of",YTD,0,Bond
Portugal,YTD,0,Bond
Palau,YTD,0,Bond
Paraguay,YTD,0,Bond
Qatar,YTD,0,Bond
Réunion,YTD,0,Bond
Romania,YTD,0,Bond
Serbia,YTD,0,Bond
Russian Federation,YTD,0,Bond
Rwanda,YTD,0,Bond
Saudi Arabia,YTD,0,Bond
Solomon Islands,YTD,0,Bond
Seychelles,YTD,0,Bond
Sudan,YTD,0,Bond
Sweden,YTD,0,Bond
Singapore,YTD,0,Bond
Saint Helena,YTD,0,Bond
Slovenia,YTD,0,Bond
Svalbard and Jan Mayen Islands,YTD,0,Bond
Slovakia,YTD,0,Bond
Sierra Leone,YTD,0,Bond
San Marino,YTD,0,Bond
Senegal,YTD,0,Bond
Somalia,YTD,0,Bond
Suriname,YTD,0,Bond
South Sudan,YTD,0,Bond
Sao Tome and Principe,YTD,0,Bond
El Salvador,YTD,0,Bond
Sint Maarten (Dutch part),YTD,0,Bond
Syria,YTD,0,Bond
Swaziland,YTD,0,Bond
Turks and Caicos Islands,YTD,0,Bond
Chad,YTD,0,Bond
French Southern Territories,YTD,0,Bond
Togo,YTD,0,Bond
Thailand,YTD,0,Bond
Tajikistan,YTD,0,Bond
Tokelau,YTD,0,Bond
Timor-Leste,YTD,0,Bond
Turkmenistan,YTD,0,Bond
Tunisia,YTD,0,Bond
Tonga,YTD,0,Bond
Turkey,YTD,0,Bond
Trinidad and Tobago,YTD,0,Bond
Tuvalu,YTD,0,Bond
Taiwan,YTD,0,Bond
Tanzania,YTD,0,Bond
Ukraine,YTD,0,Bond
Uganda,YTD,0,Bond
United States Minor Outlying Islands,YTD,0,Bond
United States,YTD,0,Bond
Uruguay,YTD,0,Bond
Uzbekistan,YTD,0,Bond
Vatican,YTD,0,Bond
Saint Vincent and the Grenadines,YTD,0,Bond
Venezuela,YTD,0,Bond
Virgin Islands (British),YTD,0,Bond
Virgin Islands (U.S.),YTD,0,Bond
Vietnam,YTD,0,Bond
Vanuatu,YTD,0,Bond
Wallis and Futuna Islands,YTD,0,Bond
Samoa,YTD,0,Bond
Yemen,YTD,0,Bond
Mayotte,YTD,0,Bond
South Africa,YTD,0,Bond
Zambia,YTD,0,Bond
Zimbabwe,YTD,0,Bond
Andorra,MTD,0,Bond
United Arab Emirates,MTD,0,Bond
Afghanistan,MTD,0,Bond
Antigua and Barbuda,MTD,0,Bond
Anguilla,MTD,0,Bond
Albania,MTD,0,Bond
Armenia,MTD,0,Bond
Angola,MTD,0,Bond
Antarctica,MTD,0,Bond
Argentina,MTD,0,Bond
American Samoa,MTD,0,Bond
Austria,MTD,0,Bond
Australia,MTD,0,Bond
Aruba,MTD,0,Bond
Åland Islands,MTD,0,Bond
Azerbaijan,MTD,0,Bond
Bosnia and Herzegovina,MTD,0,Bond
Barbados,MTD,0,Bond
Bangladesh,MTD,0,Bond
Belgium,MTD,0,Bond
Burkina Faso,MTD,0,Bond
Bulgaria,MTD,0,Bond
Bahrain,MTD,0,Bond
Burundi,MTD,0,Bond
Benin,MTD,0,Bond
Saint Barthélemy,MTD,0,Bond
Bermuda,MTD,0,Bond
Brunei Darussalam,MTD,0,Bond
Bolivia,MTD,0,Bond
Caribbean Netherlands,MTD,0,Bond
Brazil,MTD,0,Bond
Bahamas,MTD,0,Bond
Bhutan,MTD,0,Bond
Bouvet Island,MTD,0,Bond
Botswana,MTD,0,Bond
Belarus,MTD,0,Bond
Belize,MTD,0,Bond
Canada,MTD,0,Bond
Cocos (Keeling) Islands,MTD,0,Bond
"Congo, Democratic Republic of",MTD,0,Bond
Central African Republic,MTD,0,Bond
Congo,MTD,0,Bond
Switzerland,MTD,0,Bond
Côte d'Ivoire,MTD,0,Bond
Cook Islands,MTD,0,Bond
Chile,MTD,0,Bond
Cameroon,MTD,0,Bond
China,MTD,0,Bond
Colombia,MTD,0,Bond
Costa Rica,MTD,0,Bond
Cuba,MTD,0,Bond
Cape Verde,MTD,0,Bond
Curaçao,MTD,0,Bond
Christmas Island,MTD,0,Bond
Cyprus,MTD,0,Bond
Czech Republic,MTD,0,Bond
Germany,MTD,0,Bond
Djibouti,MTD,0,Bond
Denmark,MTD,0,Bond
Dominica,MTD,0,Bond
Dominican Republic,MTD,0,Bond
Algeria,MTD,0,Bond
Ecuador,MTD,0,Bond
Estonia,MTD,0,Bond
Egypt,MTD,0,Bond
Western Sahara,MTD,0,Bond
Eritrea,MTD,0,Bond
Spain,MTD,0,Bond
Ethiopia,MTD,0,Bond
Finland,MTD,0,Bond
Fiji,MTD,0,Bond
Falkland Islands,MTD,0,Bond
"Micronesia, Federated States of",MTD,0,Bond
Faroe Islands,MTD,0,Bond
France,MTD,0,Bond
Gabon,MTD,0,Bond
United Kingdom,MTD,0,Bond
Grenada,MTD,0,Bond
Georgia,MTD,0,Bond
French Guiana,MTD,0,Bond
Guernsey,MTD,0,Bond
Ghana,MTD,0,Bond
Gibraltar,MTD,0,Bond
Greenland,MTD,0,Bond
Gambia,MTD,0,Bond
Guinea,MTD,0,Bond
Guadeloupe,MTD,0,Bond
Equatorial Guinea,MTD,0,Bond
Greece,MTD,0,Bond
South Georgia and the South Sandwich Islands,MTD,0,Bond
Guatemala,MTD,0,Bond
Guam,MTD,0,Bond
Guinea-Bissau,MTD,0,Bond
Guyana,MTD,0,Bond
Hong Kong,MTD,0,Bond
Heard and McDonald Islands,MTD,0,Bond
Honduras,MTD,0,Bond
Croatia,MTD,0,Bond
Haiti,MTD,0,Bond
Hungary,MTD,0,Bond
Indonesia,MTD,0,Bond
Ireland,MTD,0,Bond
Israel,MTD,0,Bond
Isle of Man,MTD,0,Bond
India,MTD,0,Bond
British Indian Ocean Territory,MTD,0,Bond
Iraq,MTD,0,Bond
Iran,MTD,0,Bond
Iceland,MTD,0,Bond
Italy,MTD,0,Bond
Jersey,MTD,0,Bond
Jamaica,MTD,0,Bond
Jordan,MTD,0,Bond
Japan,MTD,0,Bond
Kenya,MTD,0,Bond
Kyrgyzstan,MTD,0,Bond
Cambodia,MTD,0,Bond
Kiribati,MTD,0,Bond
Comoros,MTD,0,Bond
Saint Kitts and Nevis,MTD,0,Bond
North Korea,MTD,0,Bond
South Korea,MTD,0,Bond
Kuwait,MTD,0,Bond
Cayman Islands,MTD,0,Bond
Kazakhstan,MTD,0,Bond
Lao People's Democratic Republic,MTD,0,Bond
Lebanon,MTD,0,Bond
Saint Lucia,MTD,0,Bond
Liechtenstein,MTD,0,Bond
Sri Lanka,MTD,0,Bond
Liberia,MTD,0,Bond
Lesotho,MTD,0,Bond
Lithuania,MTD,0,Bond
Luxembourg,MTD,0,Bond
Latvia,MTD,0,Bond
Libya,MTD,0,Bond
Morocco,MTD,0,Bond
Monaco,MTD,0,Bond
Moldova,MTD,0,Bond
Montenegro,MTD,0,Bond
Saint-Martin (France),MTD,0,Bond
Madagascar,MTD,0,Bond
Marshall Islands,MTD,0,Bond
Macedonia,MTD,0,Bond
Mali,MTD,0,Bond
Myanmar,MTD,0,Bond
Mongolia,MTD,0,Bond
Macau,MTD,0,Bond
Northern Mariana Islands,MTD,0,Bond
Martinique,MTD,0,Bond
Mauritania,MTD,0,Bond
Montserrat,MTD,0,Bond
Malta,MTD,0,Bond
Mauritius,MTD,0,Bond
Maldives,MTD,0,Bond
Malawi,MTD,0,Bond
Mexico,MTD,0,Bond
Malaysia,MTD,0,Bond
Mozambique,MTD,0,Bond
Namibia,MTD,0,Bond
New Caledonia,MTD,0,Bond
Niger,MTD,0,Bond
Norfolk Island,MTD,0,Bond
Nigeria,MTD,0,Bond
Nicaragua,MTD,0,Bond
The Netherlands,MTD,0,Bond
Norway,MTD,0,Bond
Nepal,MTD,0,Bond
Nauru,MTD,0,Bond
Niue,MTD,0,Bond
New Zealand,MTD,0,Bond
Oman,MTD,0,Bond
Panama,MTD,0,Bond
Peru,MTD,0,Bond
French Polynesia,MTD,0,Bond
Papua New Guinea,MTD,0,Bond
Philippines,MTD,0,Bond
Pakistan,MTD,0,Bond
Poland,MTD,0,Bond
St. Pierre and Miquelon,MTD,0,Bond
Pitcairn,MTD,0,Bond
Puerto Rico,MTD,0,Bond
"Palestine, State of",MTD,0,Bond
Portugal,MTD,0,Bond
Palau,MTD,0,Bond
Paraguay,MTD,0,Bond
Qatar,MTD,0,Bond
Réunion,MTD,0,Bond
Romania,MTD,0,Bond
Serbia,MTD,0,Bond
Russian Federation,MTD,0,Bond
Rwanda,MTD,0,Bond
Saudi Arabia,MTD,0,Bond
Solomon Islands,MTD,0,Bond
Seychelles,MTD,0,Bond
Sudan,MTD,0,Bond
Sweden,MTD,0,Bond
Singapore,MTD,0,Bond
Saint Helena,MTD,0,Bond
Slovenia,MTD,0,Bond
Svalbard and Jan Mayen Islands,MTD,0,Bond
Slovakia,MTD,0,Bond
Sierra Leone,MTD,0,Bond
San Marino,MTD,0,Bond
Senegal,MTD,0,Bond
Somalia,MTD,0,Bond
Suriname,MTD,0,Bond
South Sudan,MTD,0,Bond
Sao Tome and Principe,MTD,0,Bond
El Salvador,MTD,0,Bond
Sint Maarten (Dutch part),MTD,0,Bond
Syria,MTD,0,Bond
Swaziland,MTD,0,Bond
Turks and Caicos Islands,MTD,0,Bond
Chad,MTD,0,Bond
French Southern Territories,MTD,0,Bond
Togo,MTD,0,Bond
Thailand,MTD,0,Bond
Tajikistan,MTD,0,Bond
Tokelau,MTD,0,Bond
Timor-Leste,MTD,0,Bond
Turkmenistan,MTD,0,Bond
Tunisia,MTD,0,Bond
Tonga,MTD,0,Bond
Turkey,MTD,0,Bond
Trinidad and Tobago,MTD,0,Bond
Tuvalu,MTD,0,Bond
Taiwan,MTD,0,Bond
Tanzania,MTD,0,Bond
Ukraine,MTD,0,Bond
Uganda,MTD,0,Bond
United States Minor Outlying Islands,MTD,0,Bond
United States,MTD,0,Bond
Uruguay,MTD,0,Bond
Uzbekistan,MTD,0,Bond
Vatican,MTD,0,Bond
Saint Vincent and the Grenadines,MTD,0,Bond
Venezuela,MTD,0,Bond
Virgin Islands (British),MTD,0,Bond
Virgin Islands (U.S.),MTD,0,Bond
Vietnam,MTD,0,Bond
Vanuatu,MTD,0,Bond
Wallis and Futuna Islands,MTD,0,Bond
Samoa,MTD,0,Bond
Yemen,MTD,0,Bond
Mayotte,MTD,0,Bond
South Africa,MTD,0,Bond
Zambia,MTD,0,Bond
Zimbabwe,MTD,0,Bond
Andorra,2017,0,Bond
United Arab Emirates,2017,0,Bond
Afghanistan,2017,0,Bond
Antigua and Barbuda,2017,0,Bond
Anguilla,2017,0,Bond
Albania,2017,0,Bond
Armenia,2017,0,Bond
Angola,2017,0,Bond
Antarctica,2017,0,Bond
Argentina,2017,0,Bond
American Samoa,2017,0,Bond
Austria,2017,0,Bond
Australia,2017,0,Bond
Aruba,2017,0,Bond
Åland Islands,2017,0,Bond
Azerbaijan,2017,0,Bond
Bosnia and Herzegovina,2017,0,Bond
Barbados,2017,0,Bond
Bangladesh,2017,0,Bond
Belgium,2017,0,Bond
Burkina Faso,2017,0,Bond
Bulgaria,2017,0,Bond
Bahrain,2017,0,Bond
Burundi,2017,0,Bond
Benin,2017,0,Bond
Saint Barthélemy,2017,0,Bond
Bermuda,2017,0,Bond
Brunei Darussalam,2017,0,Bond
Bolivia,2017,0,Bond
Caribbean Netherlands,2017,0,Bond
Brazil,2017,0,Bond
Bahamas,2017,0,Bond
Bhutan,2017,0,Bond
Bouvet Island,2017,0,Bond
Botswana,2017,0,Bond
Belarus,2017,0,Bond
Belize,2017,0,Bond
Canada,2017,0,Bond
Cocos (Keeling) Islands,2017,0,Bond
"Congo, Democratic Republic of",2017,0,Bond
Central African Republic,2017,0,Bond
Congo,2017,0,Bond
Switzerland,2017,0,Bond
Côte d'Ivoire,2017,0,Bond
Cook Islands,2017,0,Bond
Chile,2017,0,Bond
Cameroon,2017,0,Bond
China,2017,0,Bond
Colombia,2017,0,Bond
Costa Rica,2017,0,Bond
Cuba,2017,0,Bond
Cape Verde,2017,0,Bond
Curaçao,2017,0,Bond
Christmas Island,2017,0,Bond
Cyprus,2017,0,Bond
Czech Republic,2017,0,Bond
Germany,2017,0,Bond
Djibouti,2017,0,Bond
Denmark,2017,0,Bond
Dominica,2017,0,Bond
Dominican Republic,2017,0,Bond
Algeria,2017,0,Bond
Ecuador,2017,0,Bond
Estonia,2017,0,Bond
Egypt,2017,0,Bond
Western Sahara,2017,0,Bond
Eritrea,2017,0,Bond
Spain,2017,0,Bond
Ethiopia,2017,0,Bond
Finland,2017,0,Bond
Fiji,2017,0,Bond
Falkland Islands,2017,0,Bond
"Micronesia, Federated States of",2017,0,Bond
Faroe Islands,2017,0,Bond
France,2017,0,Bond
Gabon,2017,0,Bond
United Kingdom,2017,0,Bond
Grenada,2017,0,Bond
Georgia,2017,0,Bond
French Guiana,2017,0,Bond
Guernsey,2017,0,Bond
Ghana,2017,0,Bond
Gibraltar,2017,0,Bond
Greenland,2017,0,Bond
Gambia,2017,0,Bond
Guinea,2017,0,Bond
Guadeloupe,2017,0,Bond
Equatorial Guinea,2017,0,Bond
Greece,2017,0,Bond
South Georgia and the South Sandwich Islands,2017,0,Bond
Guatemala,2017,0,Bond
Guam,2017,0,Bond
Guinea-Bissau,2017,0,Bond
Guyana,2017,0,Bond
Hong Kong,2017,0,Bond
Heard and McDonald Islands,2017,0,Bond
Honduras,2017,0,Bond
Croatia,2017,0,Bond
Haiti,2017,0,Bond
Hungary,2017,0,Bond
Indonesia,2017,0,Bond
Ireland,2017,0,Bond
Israel,2017,0,Bond
Isle of Man,2017,0,Bond
India,2017,0,Bond
British Indian Ocean Territory,2017,0,Bond
Iraq,2017,0,Bond
Iran,2017,0,Bond
Iceland,2017,0,Bond
Italy,2017,0,Bond
Jersey,2017,0,Bond
Jamaica,2017,0,Bond
Jordan,2017,0,Bond
Japan,2017,0,Bond
Kenya,2017,0,Bond
Kyrgyzstan,2017,0,Bond
Cambodia,2017,0,Bond
Kiribati,2017,0,Bond
Comoros,2017,0,Bond
Saint Kitts and Nevis,2017,0,Bond
North Korea,2017,0,Bond
South Korea,2017,0,Bond
Kuwait,2017,0,Bond
Cayman Islands,2017,0,Bond
Kazakhstan,2017,0,Bond
Lao People's Democratic Republic,2017,0,Bond
Lebanon,2017,0,Bond
Saint Lucia,2017,0,Bond
Liechtenstein,2017,0,Bond
Sri Lanka,2017,0,Bond
Liberia,2017,0,Bond
Lesotho,2017,0,Bond
Lithuania,2017,0,Bond
Luxembourg,2017,0,Bond
Latvia,2017,0,Bond
Libya,2017,0,Bond
Morocco,2017,0,Bond
Monaco,2017,0,Bond
Moldova,2017,0,Bond
Montenegro,2017,0,Bond
Saint-Martin (France),2017,0,Bond
Madagascar,2017,0,Bond
Marshall Islands,2017,0,Bond
Macedonia,2017,0,Bond
Mali,2017,0,Bond
Myanmar,2017,0,Bond
Mongolia,2017,0,Bond
Macau,2017,0,Bond
Northern Mariana Islands,2017,0,Bond
Martinique,2017,0,Bond
Mauritania,2017,0,Bond
Montserrat,2017,0,Bond
Malta,2017,0,Bond
Mauritius,2017,0,Bond
Maldives,2017,0,Bond
Malawi,2017,0,Bond
Mexico,2017,0,Bond
Malaysia,2017,0,Bond
Mozambique,2017,0,Bond
Namibia,2017,0,Bond
New Caledonia,2017,0,Bond
Niger,2017,0,Bond
Norfolk Island,2017,0,Bond
Nigeria,2017,0,Bond
Nicaragua,2017,0,Bond
The Netherlands,2017,0,Bond
Norway,2017,0,Bond
Nepal,2017,0,Bond
Nauru,2017,0,Bond
Niue,2017,0,Bond
New Zealand,2017,0,Bond
Oman,2017,0,Bond
Panama,2017,0,Bond
Peru,2017,0,Bond
French Polynesia,2017,0,Bond
Papua New Guinea,2017,0,Bond
Philippines,2017,0,Bond
Pakistan,2017,0,Bond
Poland,2017,0,Bond
St. Pierre and Miquelon,2017,0,Bond
Pitcairn,2017,0,Bond
Puerto Rico,2017,0,Bond
"Palestine, State of",2017,0,Bond
Portugal,2017,0,Bond
Palau,2017,0,Bond
Paraguay,2017,0,Bond
Qatar,2017,0,Bond
Réunion,2017,0,Bond
Romania,2017,0,Bond
Serbia,2017,0,Bond
Russian Federation,2017,0,Bond
Rwanda,2017,0,Bond
Saudi Arabia,2017,0,Bond
Solomon Islands,2017,0,Bond
Seychelles,2017,0,Bond
Sudan,2017,0,Bond
Sweden,2017,0,Bond
Singapore,2017,0,Bond
Saint Helena,2017,0,Bond
Slovenia,2017,0,Bond
Svalbard and Jan Mayen Islands,2017,0,Bond
Slovakia,2017,0,Bond
Sierra Leone,2017,0,Bond
San Marino,2017,0,Bond
Senegal,2017,0,Bond
Somalia,2017,0,Bond
Suriname,2017,0,Bond
South Sudan,2017,0,Bond
Sao Tome and Principe,2017,0,Bond
El Salvador,2017,0,Bond
Sint Maarten (Dutch part),2017,0,Bond
Syria,2017,0,Bond
Swaziland,2017,0,Bond
Turks and Caicos Islands,2017,0,Bond
Chad,2017,0,Bond
French Southern Territories,2017,0,Bond
Togo,2017,0,Bond
Thailand,2017,0,Bond
Tajikistan,2017,0,Bond
Tokelau,2017,0,Bond
Timor-Leste,2017,0,Bond
Turkmenistan,2017,0,Bond
Tunisia,2017,0,Bond
Tonga,2017,0,Bond
Turkey,2017,0,Bond
Trinidad and Tobago,2017,0,Bond
Tuvalu,2017,0,Bond
Taiwan,2017,0,Bond
Tanzania,2017,0,Bond
Ukraine,2017,0,Bond
Uganda,2017,0,Bond
United States Minor Outlying Islands,2017,0,Bond
United States,2017,0,Bond
Uruguay,2017,0,Bond
Uzbekistan,2017,0,Bond
Vatican,2017,0,Bond
Saint Vincent and the Grenadines,2017,0,Bond
Venezuela,2017,0,Bond
Virgin Islands (British),2017,0,Bond
Virgin Islands (U.S.),2017,0,Bond
Vietnam,2017,0,Bond
Vanuatu,2017,0,Bond
Wallis and Futuna Islands,2017,0,Bond
Samoa,2017,0,Bond
Yemen,2017,0,Bond
Mayotte,2017,0,Bond
South Africa,2017,0,Bond
Zambia,2017,0,Bond
Zimbabwe,2017,0,Bond
Andorra,YTD,-18.46252313,FX
United Arab Emirates,YTD,-4.34942238,FX
Afghanistan,YTD,-16.39087782,FX
Antigua and Barbuda,YTD,-1.523579209,FX
Anguilla,YTD,1.725743702,FX
Albania,YTD,10.62881363,FX
Armenia,YTD,-0.08028626318,FX
Angola,YTD,6.273208348,FX
Antarctica,YTD,18.91289929,FX
Argentina,YTD,17.18920208,FX
American Samoa,YTD,-2.865314,FX
Austria,YTD,2.361726628,FX
Australia,YTD,6.072150389,FX
Aruba,YTD,-0.3711865223,FX
Åland Islands,YTD,2.389685637,FX
Azerbaijan,YTD,5.803245805,FX
Bosnia and Herzegovina,YTD,-3.97820912,FX
Barbados,YTD,-10.46092497,FX
Bangladesh,YTD,10.19087864,FX
Belgium,YTD,16.36422197,FX
Burkina Faso,YTD,6.105939418,FX
Bulgaria,YTD,4.269956302,FX
Bahrain,YTD,-14.9497757,FX
Burundi,YTD,-8.777651012,FX
Benin,YTD,2.313982761,FX
Saint Barthélemy,YTD,6.821693939,FX
Bermuda,YTD,-1.604950846,FX
Brunei Darussalam,YTD,-5.183424561,FX
Bolivia,YTD,-21.61478081,FX
Caribbean Netherlands,YTD,2.344543253,FX
Brazil,YTD,-2.272426858,FX
Bahamas,YTD,-8.321563605,FX
Bhutan,YTD,-4.452263221,FX
Bouvet Island,YTD,-6.548468176,FX
Botswana,YTD,3.393015501,FX
Belarus,YTD,0.2708224288,FX
Belize,YTD,16.02440596,FX
Canada,YTD,-14.48496951,FX
Cocos (Keeling) Islands,YTD,-5.823893898,FX
"Congo, Democratic Republic of",YTD,-2.965087527,FX
Central African Republic,YTD,13.37949467,FX
Congo,YTD,-4.592419223,FX
Switzerland,YTD,-12.34413829,FX
Côte d'Ivoire,YTD,8.520787628,FX
Cook Islands,YTD,-1.796466936,FX
Chile,YTD,5.652684644,FX
Cameroon,YTD,-8.620825705,FX
China,YTD,-0.7811999711,FX
Colombia,YTD,10.22908557,FX
Costa Rica,YTD,-15.44507417,FX
Cuba,YTD,-12.1566516,FX
Cape Verde,YTD,3.01792372,FX
Curaçao,YTD,-11.88412656,FX
Christmas Island,YTD,-7.599331133,FX
Cyprus,YTD,-13.48731725,FX
Czech Republic,YTD,1.400617753,FX
Germany,YTD,-17.55680156,FX
Djibouti,YTD,10.88509995,FX
Denmark,YTD,-0.1691194584,FX
Dominica,YTD,-2.508046947,FX
Dominican Republic,YTD,-7.528644736,FX
Algeria,YTD,8.822403859,FX
Ecuador,YTD,11.3960453,FX
Estonia,YTD,2.453285805,FX
Egypt,YTD,-22.94983756,FX
Western Sahara,YTD,13.08259573,FX
Eritrea,YTD,3.331895629,FX
Spain,YTD,25.26615478,FX
Ethiopia,YTD,-5.49113582,FX
Finland,YTD,12.25100541,FX
Fiji,YTD,-3.692376887,FX
Falkland Islands,YTD,14.70075674,FX
"Micronesia, Federated States of",YTD,2.168699657,FX
Faroe Islands,YTD,4.720329648,FX
France,YTD,7.189480107,FX
Gabon,YTD,1.490250321,FX
United Kingdom,YTD,-1.404825949,FX
Grenada,YTD,1.683853806,FX
Georgia,YTD,-9.308231265,FX
French Guiana,YTD,11.12864856,FX
Guernsey,YTD,5.40655199,FX
Ghana,YTD,-11.06730367,FX
Gibraltar,YTD,-0.2956579911,FX
Greenland,YTD,-9.661524306,FX
Gambia,YTD,34.7968319,FX
Guinea,YTD,3.624623341,FX
Guadeloupe,YTD,2.721002395,FX
Equatorial Guinea,YTD,3.805306072,FX
Greece,YTD,-4.7335849,FX
South Georgia and the South Sandwich Islands,YTD,-6.642345813,FX
Guatemala,YTD,-2.294174681,FX
Guam,YTD,-0.4988321925,FX
Guinea-Bissau,YTD,-1.366206961,FX
Guyana,YTD,-14.02110637,FX
Hong Kong,YTD,-3.082326237,FX
Heard and McDonald Islands,YTD,-6.256372943,FX
Honduras,YTD,0.9059255185,FX
Croatia,YTD,-7.137630681,FX
Haiti,YTD,-7.781398838,FX
Hungary,YTD,-9.065120731,FX
Indonesia,YTD,-11.10335961,FX
Ireland,YTD,-8.522164407,FX
Israel,YTD,11.81533195,FX
Isle of Man,YTD,19.24044155,FX
India,YTD,0.1730800679,FX
British Indian Ocean Territory,YTD,1.536733908,FX
Iraq,YTD,4.874432206,FX
Iran,YTD,-15.0398098,FX
Iceland,YTD,-6.887947,FX
Italy,YTD,-25.91556403,FX
Jersey,YTD,-2.82636942,FX
Jamaica,YTD,-0.1602090104,FX
Jordan,YTD,4.686985818,FX
Japan,YTD,1.081077411,FX
Kenya,YTD,-4.146663495,FX
Kyrgyzstan,YTD,15.52633393,FX
Cambodia,YTD,10.46293352,FX
Kiribati,YTD,-0.7959389029,FX
Comoros,YTD,-9.178245415,FX
Saint Kitts and Nevis,YTD,-7.482450188,FX
North Korea,YTD,-1.993421356,FX
South Korea,YTD,-6.030342081,FX
Kuwait,YTD,8.420123034,FX
Cayman Islands,YTD,7.074322923,FX
Kazakhstan,YTD,-11.44073555,FX
Lao People's Democratic Republic,YTD,3.177036999,FX
Lebanon,YTD,4.659506874,FX
Saint Lucia,YTD,20.19849275,FX
Liechtenstein,YTD,-10.22236187,FX
Sri Lanka,YTD,21.82958054,FX
Liberia,YTD,-14.03312371,FX
Lesotho,YTD,4.103031788,FX
Lithuania,YTD,-18.95129272,FX
Luxembourg,YTD,8.326943636,FX
Latvia,YTD,-22.81502943,FX
Libya,YTD,-30.23165752,FX
Morocco,YTD,-0.4424222623,FX
Monaco,YTD,-7.39160799,FX
Moldova,YTD,-5.370021577,FX
Montenegro,YTD,7.16812258,FX
Saint-Martin (France),YTD,-17.75750972,FX
Madagascar,YTD,-3.145587685,FX
Marshall Islands,YTD,1.885592392,FX
Macedonia,YTD,-2.77022559,FX
Mali,YTD,20.66415218,FX
Myanmar,YTD,-1.492301009,FX
Mongolia,YTD,1.995060469,FX
Macau,YTD,19.90473048,FX
Northern Mariana Islands,YTD,6.092755302,FX
Martinique,YTD,12.02331742,FX
Mauritania,YTD,0.9967659764,FX
Montserrat,YTD,-12.4320653,FX
Malta,YTD,2.10180238,FX
Mauritius,YTD,6.648936637,FX
Maldives,YTD,-8.908148165,FX
Malawi,YTD,-11.17769487,FX
Mexico,YTD,-5.779606898,FX
Malaysia,YTD,-4.960543701,FX
Mozambique,YTD,-3.079898218,FX
Namibia,YTD,-9.70015417,FX
New Caledonia,YTD,7.804559024,FX
Niger,YTD,-11.52619884,FX
Norfolk Island,YTD,-16.25048529,FX
Nigeria,YTD,-9.591779727,FX
Nicaragua,YTD,-7.58976275,FX
The Netherlands,YTD,13.43694701,FX
Norway,YTD,9.225994162,FX
Nepal,YTD,7.973570739,FX
Nauru,YTD,-15.32897734,FX
Niue,YTD,-7.178759995,FX
New Zealand,YTD,-5.367010392,FX
Oman,YTD,-6.584793923,FX
Panama,YTD,20.61318059,FX
Peru,YTD,23.1824782,FX
French Polynesia,YTD,10.56084379,FX
Papua New Guinea,YTD,0.6577268821,FX
Philippines,YTD,-6.189900836,FX
Pakistan,YTD,1.488615822,FX
Poland,YTD,-1.567819842,FX
St. Pierre and Miquelon,YTD,-25.51672733,FX
Pitcairn,YTD,-17.10588061,FX
Puerto Rico,YTD,-4.126280018,FX
"Palestine, State of",YTD,3.825485635,FX
Portugal,YTD,4.708816012,FX
Palau,YTD,10.07323163,FX
Paraguay,YTD,3.674899025,FX
Qatar,YTD,-4.585494869,FX
Réunion,YTD,-8.078403854,FX
Romania,YTD,9.666540223,FX
Serbia,YTD,-4.105816706,FX
Russian Federation,YTD,1.196069267,FX
Rwanda,YTD,0.2490828847,FX
Saudi Arabia,YTD,-10.82633144,FX
Solomon Islands,YTD,2.676470338,FX
Seychelles,YTD,-22.5447759,FX
Sudan,YTD,6.209202663,FX
Sweden,YTD,1.482839458,FX
Singapore,YTD,14.89401264,FX
Saint Helena,YTD,-0.4252774771,FX
Slovenia,YTD,-17.58557195,FX
Svalbard and Jan Mayen Islands,YTD,-7.469868432,FX
Slovakia,YTD,-8.450958091,FX
Sierra Leone,YTD,-10.99882051,FX
San Marino,YTD,-0.1661963148,FX
Senegal,YTD,4.000917959,FX
Somalia,YTD,14.92699072,FX
Suriname,YTD,-0.9551456428,FX
South Sudan,YTD,0.08959433659,FX
Sao Tome and Principe,YTD,13.22459002,FX
El Salvador,YTD,-15.36754508,FX
Sint Maarten (Dutch part),YTD,-0.5660082812,FX
Syria,YTD,4.782993927,FX
Swaziland,YTD,2.618747115,FX
Turks and Caicos Islands,YTD,-1.798702337,FX
Chad,YTD,24.0204867,FX
French Southern Territories,YTD,5.165855464,FX
Togo,YTD,10.63915042,FX
Thailand,YTD,23.41304699,FX
Tajikistan,YTD,7.665994416,FX
Tokelau,YTD,3.564482711,FX
Timor-Leste,YTD,-8.260583968,FX
Turkmenistan,YTD,-8.208012781,FX
Tunisia,YTD,2.010542939,FX
Tonga,YTD,7.635134845,FX
Turkey,YTD,-12.11921151,FX
Trinidad and Tobago,YTD,-4.378209777,FX
Tuvalu,YTD,-19.92423238,FX
Taiwan,YTD,-20.78104067,FX
Tanzania,YTD,3.247119204,FX
Ukraine,YTD,-1.446814862,FX
Uganda,YTD,4.709807796,FX
United States Minor Outlying Islands,YTD,-5.247643775,FX
United States,YTD,-4.550710913,FX
Uruguay,YTD,10.20596226,FX
Uzbekistan,YTD,5.542451883,FX
Vatican,YTD,-8.179912807,FX
Saint Vincent and the Grenadines,YTD,8.02942223,FX
Venezuela,YTD,-10.66335113,FX
Virgin Islands (British),YTD,6.125360199,FX
Virgin Islands (U.S.),YTD,0.6387646954,FX
Vietnam,YTD,-0.8478208373,FX
Vanuatu,YTD,3.787904408,FX
Wallis and Futuna Islands,YTD,10.78446488,FX
Samoa,YTD,-13.16314321,FX
Yemen,YTD,12.23871166,FX
Mayotte,YTD,-18.59895348,FX
South Africa,YTD,-11.51269501,FX
Zambia,YTD,-5.803814119,FX
Zimbabwe,YTD,17.42757568,FX
Andorra,MTD,-17.5384268,FX
United Arab Emirates,MTD,7.123672269,FX
Afghanistan,MTD,3.925366758,FX
Antigua and Barbuda,MTD,-9.705953433,FX
Anguilla,MTD,11.51743361,FX
Albania,MTD,-5.094627152,FX
Armenia,MTD,13.35414927,FX
Angola,MTD,-2.824934618,FX
Antarctica,MTD,-3.007554761,FX
Argentina,MTD,5.955963621,FX
American Samoa,MTD,17.42743575,FX
Austria,MTD,-9.081668189,FX
Australia,MTD,-0.8166197704,FX
Aruba,MTD,-5.468141734,FX
Åland Islands,MTD,-13.05441152,FX
Azerbaijan,MTD,-6.513946588,FX
Bosnia and Herzegovina,MTD,-5.048006917,FX
Barbados,MTD,-4.820376301,FX
Bangladesh,MTD,2.058294553,FX
Belgium,MTD,-7.727730411,FX
Burkina Faso,MTD,6.261921307,FX
Bulgaria,MTD,-4.522682813,FX
Bahrain,MTD,2.66071696,FX
Burundi,MTD,-0.7756968764,FX
Benin,MTD,12.81343699,FX
Saint Barthélemy,MTD,10.85469601,FX
Bermuda,MTD,-0.370656435,FX
Brunei Darussalam,MTD,2.294547547,FX
Bolivia,MTD,5.115906895,FX
Caribbean Netherlands,MTD,-0.651983632,FX
Brazil,MTD,-8.069915104,FX
Bahamas,MTD,-0.4315221846,FX
Bhutan,MTD,4.734002263,FX
Bouvet Island,MTD,-8.223695946,FX
Botswana,MTD,11.43738647,FX
Belarus,MTD,14.73790633,FX
Belize,MTD,-6.876808424,FX
Canada,MTD,-3.856477887,FX
Cocos (Keeling) Islands,MTD,-3.694088643,FX
"Congo, Democratic Republic of",MTD,-4.449605069,FX
Central African Republic,MTD,-0.07718941809,FX
Congo,MTD,19.12253837,FX
Switzerland,MTD,3.01528428,FX
Côte d'Ivoire,MTD,8.150371845,FX
Cook Islands,MTD,21.56217269,FX
Chile,MTD,-5.11275131,FX
Cameroon,MTD,-4.188596053,FX
China,MTD,14.36894464,FX
Colombia,MTD,3.843007458,FX
Costa Rica,MTD,10.3416325,FX
Cuba,MTD,-8.671756244,FX
Cape Verde,MTD,-11.77322351,FX
Curaçao,MTD,1.560772668,FX
Christmas Island,MTD,6.298160771,FX
Cyprus,MTD,-19.21761902,FX
Czech Republic,MTD,-2.664390524,FX
Germany,MTD,12.43642769,FX
Djibouti,MTD,3.620177964,FX
Denmark,MTD,-6.229880687,FX
Dominica,MTD,-2.929297055,FX
Dominican Republic,MTD,-6.161418323,FX
Algeria,MTD,-2.973411957,FX
Ecuador,MTD,-1.527778131,FX
Estonia,MTD,-4.812871514,FX
Egypt,MTD,-12.16354115,FX
Western Sahara,MTD,-13.34766217,FX
Eritrea,MTD,-3.226116596,FX
Spain,MTD,-0.1397411838,FX
Ethiopia,MTD,9.855924067,FX
Finland,MTD,6.599481937,FX
Fiji,MTD,4.28147564,FX
Falkland Islands,MTD,-13.30086918,FX
"Micronesia, Federated States of",MTD,8.369097801,FX
Faroe Islands,MTD,6.203943073,FX
France,MTD,-4.919120441,FX
Gabon,MTD,6.83591054,FX
United Kingdom,MTD,4.75507363,FX
Grenada,MTD,23.9282022,FX
Georgia,MTD,18.58892976,FX
French Guiana,MTD,13.27994056,FX
Guernsey,MTD,4.501549538,FX
Ghana,MTD,-6.04429691,FX
Gibraltar,MTD,-8.96567269,FX
Greenland,MTD,-0.9500555786,FX
Gambia,MTD,-16.72261656,FX
Guinea,MTD,-29.13066098,FX
Guadeloupe,MTD,-15.34691538,FX
Equatorial Guinea,MTD,14.76167232,FX
Greece,MTD,-17.18050148,FX
South Georgia and the South Sandwich Islands,MTD,-6.489011452,FX
Guatemala,MTD,-6.712595757,FX
Guam,MTD,18.93635496,FX
Guinea-Bissau,MTD,7.867436035,FX
Guyana,MTD,-2.246526004,FX
Hong Kong,MTD,11.52924601,FX
Heard and McDonald Islands,MTD,5.710143579,FX
Honduras,MTD,6.526351871,FX
Croatia,MTD,-18.80176267,FX
Haiti,MTD,19.92512246,FX
Hungary,MTD,-7.07892058,FX
Indonesia,MTD,6.474989865,FX
Ireland,MTD,8.054810884,FX
Israel,MTD,-4.661171253,FX
Isle of Man,MTD,-21.3417798,FX
India,MTD,7.436432354,FX
British Indian Ocean Territory,MTD,-7.642095926,FX
Iraq,MTD,19.06515381,FX
Iran,MTD,-7.118240889,FX
Iceland,MTD,19.11657113,FX
Italy,MTD,-4.262357412,FX
Jersey,MTD,10.97950069,FX
Jamaica,MTD,-2.259613543,FX
Jordan,MTD,16.30074966,FX
Japan,MTD,-5.060487056,FX
Kenya,MTD,5.291625877,FX
Kyrgyzstan,MTD,6.555026487,FX
Cambodia,MTD,-6.809602124,FX
Kiribati,MTD,5.422106674,FX
Comoros,MTD,14.48133919,FX
Saint Kitts and Nevis,MTD,-0.7908823784,FX
North Korea,MTD,-8.096046104,FX
South Korea,MTD,15.1607776,FX
Kuwait,MTD,-10.46723645,FX
Cayman Islands,MTD,-3.80252052,FX
Kazakhstan,MTD,2.349940445,FX
Lao People's Democratic Republic,MTD,11.76589675,FX
Lebanon,MTD,-2.515779333,FX
Saint Lucia,MTD,-3.065393407,FX
Liechtenstein,MTD,-3.241300842,FX
Sri Lanka,MTD,-13.23624876,FX
Liberia,MTD,9.046389302,FX
Lesotho,MTD,7.399182431,FX
Lithuania,MTD,8.867646934,FX
Luxembourg,MTD,-10.03451983,FX
Latvia,MTD,9.282057762,FX
Libya,MTD,-7.024511495,FX
Morocco,MTD,-0.2761029664,FX
Monaco,MTD,-5.215124235,FX
Moldova,MTD,7.389653757,FX
Montenegro,MTD,5.604043131,FX
Saint-Martin (France),MTD,-7.031715512,FX
Madagascar,MTD,5.157567338,FX
Marshall Islands,MTD,20.785441,FX
Macedonia,MTD,-1.351030259,FX
Mali,MTD,-12.61463638,FX
Myanmar,MTD,-2.821484525,FX
Mongolia,MTD,1.697676052,FX
Macau,MTD,16.74688919,FX
Northern Mariana Islands,MTD,-9.156894747,FX
Martinique,MTD,-8.1891403,FX
Mauritania,MTD,24.45692972,FX
Montserrat,MTD,10.946931,FX
Malta,MTD,-16.58327671,FX
Mauritius,MTD,1.968162766,FX
Maldives,MTD,-5.090167828,FX
Malawi,MTD,-3.407199769,FX
Mexico,MTD,6.688806076,FX
Malaysia,MTD,4.510027362,FX
Mozambique,MTD,-10.49139412,FX
Namibia,MTD,6.692584686,FX
New Caledonia,MTD,2.491913336,FX
Niger,MTD,12.1192603,FX
Norfolk Island,MTD,-10.68964816,FX
Nigeria,MTD,-22.33313916,FX
Nicaragua,MTD,-11.78458692,FX
The Netherlands,MTD,-6.3856192,FX
Norway,MTD,-18.13758975,FX
Nepal,MTD,2.10061155,FX
Nauru,MTD,-13.29060058,FX
Niue,MTD,-12.16958634,FX
New Zealand,MTD,20.9711278,FX
Oman,MTD,2.139428474,FX
Panama,MTD,-3.417761305,FX
Peru,MTD,6.553236447,FX
French Polynesia,MTD,7.023203037,FX
Papua New Guinea,MTD,-5.917444177,FX
Philippines,MTD,-3.343263565,FX
Pakistan,MTD,11.74451005,FX
Poland,MTD,-7.795842487,FX
St. Pierre and Miquelon,MTD,8.035538279,FX
Pitcairn,MTD,-2.843272661,FX
Puerto Rico,MTD,-11.68626477,FX
"Palestine, State of",MTD,-6.548401926,FX
Portugal,MTD,-1.843381096,FX
Palau,MTD,2.997305279,FX
Paraguay,MTD,1.021295531,FX
Qatar,MTD,5.421468152,FX
Réunion,MTD,-0.6985012474,FX
Romania,MTD,3.579127761,FX
Serbia,MTD,-5.697606055,FX
Russian Federation,MTD,-20.22595815,FX
Rwanda,MTD,1.922824654,FX
Saudi Arabia,MTD,-0.4949369538,FX
Solomon Islands,MTD,12.16396154,FX
Seychelles,MTD,-3.285508038,FX
Sudan,MTD,1.458016648,FX
Sweden,MTD,3.556961919,FX
Singapore,MTD,10.81637406,FX
Saint Helena,MTD,7.083444572,FX
Slovenia,MTD,4.221127786,FX
Svalbard and Jan Mayen Islands,MTD,0.3839039859,FX
Slovakia,MTD,19.41277486,FX
Sierra Leone,MTD,-12.45528762,FX
San Marino,MTD,-11.86600442,FX
Senegal,MTD,-0.7207168792,FX
Somalia,MTD,3.012362587,FX
Suriname,MTD,7.245814256,FX
South Sudan,MTD,-12.69607458,FX
Sao Tome and Principe,MTD,-3.441847462,FX
El Salvador,MTD,0.3536191781,FX
Sint Maarten (Dutch part),MTD,11.76501218,FX
Syria,MTD,-11.09521457,FX
Swaziland,MTD,7.317991206,FX
Turks and Caicos Islands,MTD,-15.07525851,FX
Chad,MTD,-17.17997196,FX
French Southern Territories,MTD,-9.035658266,FX
Togo,MTD,-7.558195923,FX
Thailand,MTD,3.655514331,FX
Tajikistan,MTD,-8.140373021,FX
Tokelau,MTD,7.577508076,FX
Timor-Leste,MTD,11.6031403,FX
Turkmenistan,MTD,-12.23491907,FX
Tunisia,MTD,-0.4988207676,FX
Tonga,MTD,6.508498227,FX
Turkey,MTD,-1.04165275,FX
Trinidad and Tobago,MTD,-21.41313069,FX
Tuvalu,MTD,-2.598938068,FX
Taiwan,MTD,-6.525067621,FX
Tanzania,MTD,-8.305002296,FX
Ukraine,MTD,14.13213193,FX
Uganda,MTD,2.221625178,FX
United States Minor Outlying Islands,MTD,-5.728209725,FX
United States,MTD,-0.8474703672,FX
Uruguay,MTD,0.5927752427,FX
Uzbekistan,MTD,-7.269286096,FX
Vatican,MTD,2.123380409,FX
Saint Vincent and the Grenadines,MTD,15.13206401,FX
Venezuela,MTD,-3.511409425,FX
Virgin Islands (British),MTD,2.553852123,FX
Virgin Islands (U.S.),MTD,26.88611762,FX
Vietnam,MTD,-10.65763994,FX
Vanuatu,MTD,-12.50453042,FX
Wallis and Futuna Islands,MTD,-25.94154391,FX
Samoa,MTD,7.340882259,FX
Yemen,MTD,3.488708534,FX
Mayotte,MTD,3.502400543,FX
South Africa,MTD,19.21177644,FX
Zambia,MTD,-3.39308774,FX
Zimbabwe,MTD,0.8175150354,FX
Andorra,2017,-1.631126054,FX
United Arab Emirates,2017,-17.80804962,FX
Afghanistan,2017,-4.755404416,FX
Antigua and Barbuda,2017,-1.942534352,FX
Anguilla,2017,-25.0651517,FX
Albania,2017,1.308717694,FX
Armenia,2017,-4.828821804,FX
Angola,2017,0.4349558973,FX
Antarctica,2017,-0.8240247593,FX
Argentina,2017,-10.49543262,FX
American Samoa,2017,-15.07640244,FX
Austria,2017,5.092113604,FX
Australia,2017,6.116007371,FX
Aruba,2017,19.18790945,FX
Åland Islands,2017,-16.45583292,FX
Azerbaijan,2017,3.886695007,FX
Bosnia and Herzegovina,2017,-12.46211479,FX
Barbados,2017,4.213802881,FX
Bangladesh,2017,4.510686637,FX
Belgium,2017,3.860260285,FX
Burkina Faso,2017,2.313061971,FX
Bulgaria,2017,-17.2202639,FX
Bahrain,2017,-12.88332851,FX
Burundi,2017,-0.6497486489,FX
Benin,2017,0.04154743377,FX
Saint Barthélemy,2017,15.90665344,FX
Bermuda,2017,-3.931472468,FX
Brunei Darussalam,2017,-16.07694074,FX
Bolivia,2017,3.810613055,FX
Caribbean Netherlands,2017,-9.487960635,FX
Brazil,2017,-9.263152749,FX
Bahamas,2017,13.44973994,FX
Bhutan,2017,5.771604225,FX
Bouvet Island,2017,0.8679424175,FX
Botswana,2017,2.56946555,FX
Belarus,2017,20.16325056,FX
Belize,2017,-14.24828387,FX
Canada,2017,-12.02353758,FX
Cocos (Keeling) Islands,2017,10.91442912,FX
"Congo, Democratic Republic of",2017,2.537686944,FX
Central African Republic,2017,8.104857002,FX
Congo,2017,-2.984234878,FX
Switzerland,2017,-10.82178951,FX
Côte d'Ivoire,2017,-0.1498758969,FX
Cook Islands,2017,-6.767098712,FX
Chile,2017,1.909803423,FX
Cameroon,2017,-6.672505885,FX
China,2017,-6.620836233,FX
Colombia,2017,-2.075102584,FX
Costa Rica,2017,7.481143132,FX
Cuba,2017,-10.26209284,FX
Cape Verde,2017,0.8440316063,FX
Curaçao,2017,-2.167263827,FX
Christmas Island,2017,-1.306442296,FX
Cyprus,2017,-16.37528385,FX
Czech Republic,2017,-2.802391867,FX
Germany,2017,7.967907171,FX
Djibouti,2017,12.02323717,FX
Denmark,2017,2.868691578,FX
Dominica,2017,-2.662173332,FX
Dominican Republic,2017,2.967249729,FX
Algeria,2017,6.207009285,FX
Ecuador,2017,7.545103654,FX
Estonia,2017,-17.67814756,FX
Egypt,2017,-5.071501474,FX
Western Sahara,2017,-10.61918594,FX
Eritrea,2017,-3.0537255,FX
Spain,2017,2.900673746,FX
Ethiopia,2017,6.1290512,FX
Finland,2017,-2.090215,FX
Fiji,2017,-20.27525089,FX
Falkland Islands,2017,-5.987919652,FX
"Micronesia, Federated States of",2017,-7.675599984,FX
Faroe Islands,2017,7.079322299,FX
France,2017,-9.239486604,FX
Gabon,2017,-9.339226795,FX
United Kingdom,2017,6.217881821,FX
Grenada,2017,10.42304223,FX
Georgia,2017,22.45605048,FX
French Guiana,2017,4.19580716,FX
Guernsey,2017,-2.639416982,FX
Ghana,2017,-11.00366982,FX
Gibraltar,2017,7.255207682,FX
Greenland,2017,-5.736637498,FX
Gambia,2017,2.758268677,FX
Guinea,2017,-2.465277116,FX
Guadeloupe,2017,4.808853673,FX
Equatorial Guinea,2017,19.15001524,FX
Greece,2017,6.391466797,FX
South Georgia and the South Sandwich Islands,2017,-18.85076517,FX
Guatemala,2017,11.25570436,FX
Guam,2017,-9.548211584,FX
Guinea-Bissau,2017,-0.1066909552,FX
Guyana,2017,-1.775271265,FX
Hong Kong,2017,0.9137896572,FX
Heard and McDonald Islands,2017,6.987009976,FX
Honduras,2017,-16.90645979,FX
Croatia,2017,4.119855993,FX
Haiti,2017,4.794728542,FX
Hungary,2017,4.061742928,FX
Indonesia,2017,18.73405203,FX
Ireland,2017,10.62488949,FX
Israel,2017,-5.089780445,FX
Isle of Man,2017,3.794533586,FX
India,2017,-6.639132568,FX
British Indian Ocean Territory,2017,-11.0389145,FX
Iraq,2017,-20.8241165,FX
Iran,2017,-1.199948117,FX
Iceland,2017,2.082020471,FX
Italy,2017,11.87531447,FX
Jersey,2017,0.9276419348,FX
Jamaica,2017,-1.319200361,FX
Jordan,2017,-3.524353796,FX
Japan,2017,12.21005888,FX
Kenya,2017,-2.519729969,FX
Kyrgyzstan,2017,-2.860747682,FX
Cambodia,2017,-17.13256577,FX
Kiribati,2017,3.037682903,FX
Comoros,2017,17.81460089,FX
Saint Kitts and Nevis,2017,-2.667358874,FX
North Korea,2017,0.7021804576,FX
South Korea,2017,-19.84940278,FX
Kuwait,2017,5.296255406,FX
Cayman Islands,2017,-13.08031724,FX
Kazakhstan,2017,4.203857745,FX
Lao People's Democratic Republic,2017,4.591191439,FX
Lebanon,2017,1.365147284,FX
Saint Lucia,2017,-9.382668613,FX
Liechtenstein,2017,-13.98140158,FX
Sri Lanka,2017,5.745482553,FX
Liberia,2017,-12.45881728,FX
Lesotho,2017,9.32039535,FX
Lithuania,2017,16.08526915,FX
Luxembourg,2017,29.03480927,FX
Latvia,2017,-9.48485006,FX
Libya,2017,0.7782642075,FX
Morocco,2017,-0.6465272348,FX
Monaco,2017,-12.04213544,FX
Moldova,2017,-0.3959205453,FX
Montenegro,2017,-3.169602434,FX
Saint-Martin (France),2017,-1.023538898,FX
Madagascar,2017,-0.7916489157,FX
Marshall Islands,2017,23.74573916,FX
Macedonia,2017,2.242989473,FX
Mali,2017,-2.179568232,FX
Myanmar,2017,-3.786719622,FX
Mongolia,2017,-0.2898674734,FX
Macau,2017,-2.929901433,FX
Northern Mariana Islands,2017,-3.840745195,FX
Martinique,2017,-13.51963739,FX
Mauritania,2017,-9.768936647,FX
Montserrat,2017,-8.031918287,FX
Malta,2017,4.596195295,FX
Mauritius,2017,3.563405135,FX
Maldives,2017,15.76092968,FX
Malawi,2017,-2.09278676,FX
Mexico,2017,-10.20111322,FX
Malaysia,2017,6.523835265,FX
Mozambique,2017,-2.867103986,FX
Namibia,2017,-22.86132972,FX
New Caledonia,2017,-3.257763114,FX
Niger,2017,0.9248786972,FX
Norfolk Island,2017,-4.318625222,FX
Nigeria,2017,2.589211838,FX
Nicaragua,2017,6.887130808,FX
The Netherlands,2017,10.64326294,FX
Norway,2017,-4.339188381,FX
Nepal,2017,10.57991576,FX
Nauru,2017,3.626259771,FX
Niue,2017,11.13756145,FX
New Zealand,2017,-0.6344975562,FX
Oman,2017,7.666287055,FX
Panama,2017,3.708230007,FX
Peru,2017,-0.9602170425,FX
French Polynesia,2017,-11.39458893,FX
Papua New Guinea,2017,16.7954047,FX
Philippines,2017,-15.20931407,FX
Pakistan,2017,12.5915194,FX
Poland,2017,4.274918835,FX
St. Pierre and Miquelon,2017,-3.276534454,FX
Pitcairn,2017,10.31450929,FX
Puerto Rico,2017,-0.6104259502,FX
"Palestine, State of",2017,-4.503125108,FX
Portugal,2017,12.52119095,FX
Palau,2017,-6.381735721,FX
Paraguay,2017,5.396909249,FX
Qatar,2017,12.53417968,FX
Réunion,2017,-0.5099392591,FX
Romania,2017,-10.44579883,FX
Serbia,2017,-8.026186374,FX
Russian Federation,2017,-15.42925086,FX
Rwanda,2017,-7.999230605,FX
Saudi Arabia,2017,-0.9989541738,FX
Solomon Islands,2017,13.88603418,FX
Seychelles,2017,14.46369872,FX
Sudan,2017,12.03379403,FX
Sweden,2017,-0.4807061019,FX
Singapore,2017,-2.188597151,FX
Saint Helena,2017,-4.685125598,FX
Slovenia,2017,-4.265619017,FX
Svalbard and Jan Mayen Islands,2017,-22.36320126,FX
Slovakia,2017,-9.229037574,FX
Sierra Leone,2017,-4.859993925,FX
San Marino,2017,19.15136308,FX
Senegal,2017,3.858360935,FX
Somalia,2017,-3.71907145,FX
Suriname,2017,0.8476815772,FX
South Sudan,2017,-19.82327111,FX
Sao Tome and Principe,2017,-10.99463229,FX
El Salvador,2017,-15.7159055,FX
Sint Maarten (Dutch part),2017,4.630497341,FX
Syria,2017,7.105639958,FX
Swaziland,2017,5.729245032,FX
Turks and Caicos Islands,2017,7.524663849,FX
Chad,2017,14.73180478,FX
French Southern Territories,2017,3.348841415,FX
Togo,2017,-3.441099679,FX
Thailand,2017,-5.602507588,FX
Tajikistan,2017,8.470582875,FX
Tokelau,2017,1.222257042,FX
Timor-Leste,2017,5.372168993,FX
Turkmenistan,2017,5.02363057,FX
Tunisia,2017,-4.619355005,FX
Tonga,2017,8.120717763,FX
Turkey,2017,-0.4056741863,FX
Trinidad and Tobago,2017,-0.5176058394,FX
Tuvalu,2017,-3.693799579,FX
Taiwan,2017,10.77041593,FX
Tanzania,2017,0.02464452469,FX
Ukraine,2017,-2.636755742,FX
Uganda,2017,-5.270385959,FX
United States Minor Outlying Islands,2017,-2.916299148,FX
United States,2017,14.29796283,FX
Uruguay,2017,6.797467231,FX
Uzbekistan,2017,-4.078552051,FX
Vatican,2017,5.08461621,FX
Saint Vincent and the Grenadines,2017,-14.17491392,FX
Venezuela,2017,-11.86464198,FX
Virgin Islands (British),2017,22.35863325,FX
Virgin Islands (U.S.),2017,11.44256862,FX
Vietnam,2017,12.87719587,FX
Vanuatu,2017,13.63314681,FX
Wallis and Futuna Islands,2017,1.046289184,FX
Samoa,2017,-5.439777342,FX
Yemen,2017,-2.163146544,FX
Mayotte,2017,-8.373661187,FX
South Africa,2017,9.911681073,FX
Zambia,2017,-3.697559526,FX
Zimbabwe,2017,7.855928894,FX